entrez_id,symbol,baseMean,log2FoldChange,lfcSE,stat,pvalue,padj
266743,NPAS4,63.77954589,-3.966427912,0.337753541,-11.74355685,7.62E-32,1.81E-27
2354,FOSB,229.7747087,-2.456501247,0.236060251,-10.40624689,2.32E-25,2.76E-21
1961,EGR4,164.0759471,-2.197827904,0.259669766,-8.463934543,2.59E-17,2.05E-13
1958,EGR1,624.5348806,-1.624026145,0.196596798,-8.260694807,1.45E-16,8.60E-13
23237,ARC,451.1377874,-1.324909831,0.180150196,-7.354473424,1.92E-13,9.11E-10
27129,HSPB7,81.84000145,1.012609053,0.14606851,6.932425423,4.14E-12,1.40E-08
140876,RIPOR3,330.4782854,1.261551614,0.18161919,6.946136102,3.75E-12,1.40E-08
6539,SLC6A12,1820.638247,0.934425788,0.136263617,6.857485593,7.01E-12,2.08E-08
80332,ADAM33,589.3988956,0.937898172,0.139606688,6.718146447,1.84E-11,3.97E-08
85301,COL27A1,556.2827176,0.722570048,0.109406198,6.604470843,3.99E-11,6.77E-08
25959,KANK2,1130.108591,0.747468027,0.113616071,6.578893444,4.74E-11,7.51E-08
2159,F10,38.37006872,0.740485087,0.113231698,6.539556514,6.17E-11,7.74E-08
146705,TEPSIN,486.5491087,0.502256834,0.076678125,6.550197142,5.75E-11,7.74E-08
105378083,TAGAP-AS1,52.76443145,-0.529718002,0.081650634,-6.4876165,8.72E-11,9.42E-08
8013,NR4A3,135.5422725,-1.295317829,0.199463946,-6.493994795,8.36E-11,9.42E-08
2570,GABRR2,48.41513837,1.222927305,0.189193866,6.46388455,1.02E-10,1.01E-07
1278,COL1A2,400.6220513,1.055495671,0.163599763,6.451694378,1.11E-10,1.01E-07
266727,MDGA1,480.5371475,0.548090926,0.085509322,6.409721321,1.46E-10,1.28E-07
116985,ARAP1,2630.404422,0.501559828,0.078468345,6.391874716,1.64E-10,1.39E-07
8515,ITGA10,306.5230778,0.989696879,0.155287608,6.37331525,1.85E-10,1.46E-07
100507616,LINC02397,15.31557662,1.840823781,0.290081438,6.345886166,2.21E-10,1.59E-07
100507103,LINC02937,60.52351592,0.660837057,0.104561351,6.320089128,2.61E-10,1.77E-07
126272,EID2B,231.1480935,-0.665811555,0.105572452,-6.306678912,2.85E-10,1.85E-07
8624,PSMG1,246.1133241,-0.593812074,0.09418395,-6.304811719,2.89E-10,1.85E-07
379,ARL4D,167.501364,-0.911957068,0.145952889,-6.24829748,4.15E-10,2.35E-07
7425,VGF,655.5464932,-1.342993528,0.217956998,-6.161736211,7.20E-10,3.88E-07
529,ATP6V1E1,4929.307321,-0.561768292,0.091443021,-6.143369781,8.08E-10,4.26E-07
627,BDNF,122.3232183,-0.941329753,0.153337599,-6.138936295,8.31E-10,4.29E-07
2297,FOXD1,80.5178838,1.058014618,0.172750425,6.124526867,9.10E-10,4.60E-07
9540,TP53I3,126.4062185,0.506168216,0.08289924,6.105824551,1.02E-09,4.96E-07
6494,SIPA1,1064.63249,0.661520446,0.108593391,6.091719226,1.12E-09,5.10E-07
6911,TBX6,117.1855753,0.773280853,0.128088226,6.037095493,1.57E-09,6.60E-07
64772,ENGASE,1062.379446,0.542777697,0.090096159,6.024426594,1.70E-09,6.95E-07
100874278,ERI3-IT1,26.00721934,0.659233037,0.109645229,6.012418803,1.83E-09,7.09E-07
112268130,LOC112268130,14.45201685,0.811525667,0.135201574,6.002338885,1.94E-09,7.15E-07
100134229,KDM7A-DT,65.76702857,-0.516893792,0.086292739,-5.990003298,2.10E-09,7.33E-07
6614,SIGLEC1,91.1194239,1.34111062,0.225570458,5.945417828,2.76E-09,9.23E-07
22801,ITGA11,107.9202741,0.635195913,0.106914022,5.941184358,2.83E-09,9.34E-07
23480,SEC61G,402.8669218,-0.51497351,0.087050431,-5.915806523,3.30E-09,1.02E-06
3636,INPPL1,2286.974489,0.507186683,0.085732316,5.915933498,3.30E-09,1.02E-06
5159,PDGFRB,2131.654393,0.668802236,0.113822342,5.875843237,4.21E-09,1.28E-06
79690,GAL3ST4,336.2897429,0.689023734,0.117485438,5.864758624,4.50E-09,1.32E-06
105375539,LOC105375539,3.65363725,-0.981810467,0.168015151,-5.84358291,5.11E-09,1.48E-06
6525,SMTN,1121.158629,0.843623081,0.144447127,5.840359007,5.21E-09,1.49E-06
5935,RBM3,1161.586918,-0.670356317,0.115565629,-5.800654746,6.61E-09,1.74E-06
5549,PRELP,1513.938655,0.792077547,0.136788558,5.790524869,7.02E-09,1.80E-06
57523,NYNRIN,417.1848613,0.548568966,0.09474339,5.790050016,7.04E-09,1.80E-06
2237,FEN1,333.9062337,-0.545012851,0.094436879,-5.77118659,7.87E-09,1.91E-06
8988,HSPB3,51.78553196,-1.131285541,0.196618253,-5.753715773,8.73E-09,2.09E-06
114991,ZNF618,240.8764496,0.508002892,0.088505868,5.739765112,9.48E-09,2.19E-06
4854,NOTCH3,1495.889321,0.852020976,0.148584973,5.734233799,9.80E-09,2.24E-06
7094,TLN1,4044.488329,0.5720494,0.099866959,5.728114761,1.02E-08,2.30E-06
51043,ZBTB7B,824.2887002,0.534995152,0.093695576,5.709929717,1.13E-08,2.49E-06
116535,MRGPRF,112.1649618,0.886287504,0.155464934,5.700883668,1.19E-08,2.52E-06
11130,ZWINT,49.39345529,-0.686633798,0.120539148,-5.69635516,1.22E-08,2.55E-06
10723,SLC12A7,1186.697395,0.721863906,0.126907545,5.688108666,1.28E-08,2.62E-06
9580,SOX13,799.4593774,0.536161281,0.094454821,5.676378134,1.38E-08,2.75E-06
7852,CXCR4,405.1316889,1.160710671,0.204894415,5.664920978,1.47E-08,2.89E-06
116,ADCYAP1,138.5248105,-1.166375421,0.206300003,-5.653782855,1.57E-08,3.03E-06
85360,SYDE1,325.3016782,0.671900337,0.118836984,5.653966583,1.57E-08,3.03E-06
92922,CCDC102A,95.81481362,0.846594266,0.150006843,5.643704312,1.66E-08,3.16E-06
29128,UHRF1,122.074972,0.847636511,0.150583901,5.628998219,1.81E-08,3.39E-06
7041,TGFB1I1,159.2398676,0.783380588,0.139955224,5.597365808,2.18E-08,4.01E-06
60436,TGIF2,139.8126123,0.544918531,0.097465548,5.590883573,2.26E-08,4.08E-06
5475,PPEF1,63.71867039,-1.089336004,0.195197402,-5.580689052,2.40E-08,4.25E-06
28969,BZW2,376.7884835,-0.521732336,0.093683277,-5.569108511,2.56E-08,4.39E-06
107985392,LOC107985392,14.22001985,1.395768856,0.251459381,5.550673236,2.85E-08,4.73E-06
429,ASCL1,604.7016392,0.52242392,0.094458928,5.530699208,3.19E-08,5.02E-06
8483,CILP,18.87285723,0.648904595,0.117322016,5.530970391,3.18E-08,5.02E-06
11173,ADAMTS7,77.90070612,0.603309951,0.109106575,5.529547172,3.21E-08,5.02E-06
7145,TNS1,3906.650598,0.610385849,0.110662394,5.515747719,3.47E-08,5.32E-06
4641,MYO1C,773.0431777,0.557637604,0.101180432,5.511318654,3.56E-08,5.42E-06
64946,CENPH,32.84308927,-0.547310618,0.099449225,-5.503417627,3.72E-08,5.57E-06
105374898,LOC105374898,663.9100539,-0.795639547,0.144896424,-5.491091683,3.99E-08,5.75E-06
728084,LINC02458,22.92736498,-1.109596278,0.202053126,-5.491606596,3.98E-08,5.75E-06
728798,FRMPD2B,124.1405926,-0.924961219,0.169042672,-5.471761719,4.46E-08,6.23E-06
57572,DOCK6,729.354317,0.629482869,0.115151839,5.466546373,4.59E-08,6.37E-06
5368,PNOC,37.29739529,-1.1461745,0.210066321,-5.456250652,4.86E-08,6.64E-06
92154,MTSS2,16371.07809,0.579182623,0.10635852,5.445568639,5.16E-08,6.89E-06
151295,SLC23A3,22.03975956,1.023489107,0.18871973,5.423328594,5.85E-08,7.55E-06
348093,RBPMS2,98.78265036,0.619912665,0.114456627,5.416136081,6.09E-08,7.82E-06
146850,PIK3R6,64.86507306,0.726944249,0.134440013,5.407201576,6.40E-08,8.09E-06
6750,SST,347.4697761,-1.28842185,0.238539503,-5.401293439,6.62E-08,8.27E-06
4776,NFATC4,778.4494374,0.595710587,0.110511812,5.39046981,7.03E-08,8.60E-06
101927245,LOC101927245,3.866690382,-1.100149638,0.20417997,-5.388136931,7.12E-08,8.67E-06
3707,ITPKB,10234.07053,0.543070037,0.100941751,5.380033839,7.45E-08,8.90E-06
2176,FANCC,168.6876399,0.556786052,0.103658908,5.371328575,7.82E-08,9.12E-06
51299,NRN1,1466.714217,-0.769917938,0.14359408,-5.36176657,8.24E-08,9.29E-06
100129316,LOC100129316,7.161610584,1.143083471,0.213118013,5.363617344,8.16E-08,9.29E-06
89846,FGD3,123.7984736,0.637668423,0.118864048,5.36468708,8.11E-08,9.29E-06
23710,GABARAPL1,5265.407265,-0.588415526,0.109886009,-5.354781107,8.57E-08,9.29E-06
201163,FLCN,2099.275492,0.516998415,0.096430884,5.361336463,8.26E-08,9.29E-06
105376872,LOC105376872,11.14867856,-0.937027213,0.174940649,-5.356257795,8.50E-08,9.29E-06
415,ARSL,54.75058371,0.577509554,0.107779347,5.358258076,8.40E-08,9.29E-06
27018,BEX3,5364.355045,-0.504864666,0.094235759,-5.357463807,8.44E-08,9.29E-06
2571,GAD1,1081.278187,-0.971394573,0.182081602,-5.334940827,9.56E-08,1.00E-05
1325,CORT,80.77751567,-0.674218514,0.126600163,-5.325573809,1.01E-07,1.04E-05
101929331,LINC02975,24.86409947,0.92247865,0.173288348,5.323373792,1.02E-07,1.04E-05
6926,TBX3,231.1863266,0.845456654,0.158808454,5.32375092,1.02E-07,1.04E-05
9509,ADAMTS2,80.24174072,0.682526734,0.128273726,5.320861526,1.03E-07,1.05E-05
112268235,LOC112268235,27.04576583,0.840261523,0.158018972,5.317472395,1.05E-07,1.06E-05
23533,PIK3R5,194.5160287,0.861615409,0.162144575,5.313871341,1.07E-07,1.08E-05
101927532,LINC01736,227.4895053,0.882684638,0.166353858,5.306066539,1.12E-07,1.09E-05
2995,GYPC,353.3665712,0.630553367,0.118838641,5.305962469,1.12E-07,1.09E-05
646023,ADORA2A-AS1,40.39180806,0.717113127,0.135160102,5.305656899,1.12E-07,1.09E-05
3635,INPP5D,847.7231097,0.624936059,0.117907941,5.300203323,1.16E-07,1.10E-05
1392,CRH,27.83732546,-1.593644263,0.300706645,-5.29966427,1.16E-07,1.10E-05
105377443,LINC02172,23.55564819,1.068852433,0.202306123,5.283341976,1.27E-07,1.17E-05
6909,TBX2,340.0791312,0.732037611,0.138761663,5.275503285,1.32E-07,1.20E-05
150946,GAREM2,1666.198425,0.65223741,0.123664603,5.274244948,1.33E-07,1.20E-05
23218,NBEAL2,583.4434702,0.516069248,0.0978981,5.271494028,1.35E-07,1.21E-05
105372026,LOC105372026,55.37997248,-1.230389816,0.233781156,-5.262998248,1.42E-07,1.26E-05
105373255,NA,37.8308141,0.613114667,0.116805601,5.249017703,1.53E-07,1.34E-05
5071,PRKN,276.7597155,-0.55397307,0.105617909,-5.245067591,1.56E-07,1.36E-05
84793,FOXD2-AS1,27.54609561,0.939656313,0.17947719,5.235519406,1.65E-07,1.42E-05
10923,SUB1,1804.169108,-0.503722205,0.096215509,-5.235353547,1.65E-07,1.42E-05
3798,KIF5A,69443.86211,0.642535992,0.1227599,5.234086946,1.66E-07,1.43E-05
79443,FYCO1,723.5670587,0.516591927,0.098855374,5.225734373,1.73E-07,1.47E-05
55561,CDC42BPG,15.94050538,0.981724192,0.187956931,5.223133758,1.76E-07,1.48E-05
102216342,LINC01108,6.022274899,2.299638147,0.44035045,5.222290901,1.77E-07,1.48E-05
105376224,LOC105376224,7.106288088,0.917361908,0.175734241,5.220165985,1.79E-07,1.49E-05
286530,P2RY8,17.58449533,1.265085364,0.242638411,5.213870952,1.85E-07,1.53E-05
375607,NAT16,28.27734762,-0.802160722,0.154045129,-5.207309896,1.92E-07,1.57E-05
24146,CLDN15,436.4772256,0.690337526,0.132713399,5.20171685,1.97E-07,1.61E-05
3913,LAMB2,1807.675564,0.521200337,0.100216264,5.200755997,1.98E-07,1.61E-05
51256,TBC1D7,137.4326367,-0.529726721,0.101942027,-5.196352626,2.03E-07,1.64E-05
1031,CDKN2C,355.6614308,0.568874227,0.109499718,5.19521179,2.04E-07,1.64E-05
441733,PRKXP1,220.7811938,0.71400684,0.137616174,5.18839334,2.12E-07,1.68E-05
290,ANPEP,135.8345362,0.849827709,0.164590317,5.163291032,2.43E-07,1.87E-05
105373277,LOC105373277,3.972568443,-1.087990597,0.211647829,-5.140570547,2.74E-07,2.07E-05
85407,NKD1,728.4437341,0.56171283,0.109429784,5.133089074,2.85E-07,2.12E-05
8463,TEAD2,247.1171316,0.731301011,0.142642806,5.126799123,2.95E-07,2.18E-05
80762,NDFIP1,5102.778804,-0.528351172,0.103292135,-5.115115223,3.14E-07,2.29E-05
729230,CCR2,7.962393025,1.496792996,0.292790506,5.112163705,3.18E-07,2.31E-05
3784,KCNQ1,110.0180154,0.661996942,0.129707556,5.103765457,3.33E-07,2.40E-05
219855,SLC37A2,118.9731036,0.685694891,0.134368679,5.103085735,3.34E-07,2.40E-05
1244,ABCC2,33.15348425,0.777183535,0.152446618,5.098070027,3.43E-07,2.45E-05
51751,HIGD1B,426.1211712,0.847931028,0.166350136,5.097266816,3.45E-07,2.45E-05
91181,NUP210L,23.60831086,1.009463982,0.198064878,5.096632938,3.46E-07,2.45E-05
7534,YWHAZ,7358.960585,-0.577801882,0.113584957,-5.08695778,3.64E-07,2.57E-05
150771,ITPRIPL1,34.92692482,0.51754317,0.101845896,5.081630074,3.74E-07,2.61E-05
6913,TBX15,47.84294809,0.892004599,0.175559812,5.080915655,3.76E-07,2.61E-05
143162,FRMPD2,153.7866792,-0.76639232,0.151031398,-5.074390675,3.89E-07,2.65E-05
255743,NPNT,171.5559611,0.716255869,0.141251464,5.070785447,3.96E-07,2.68E-05
6404,SELPLG,776.0135113,0.692530905,0.136570324,5.070873982,3.96E-07,2.68E-05
51208,CLDN18,5.381127622,1.123026945,0.221544285,5.069085603,4.00E-07,2.70E-05
9804,TOMM20,4408.348802,-0.534446078,0.105643458,-5.058960461,4.22E-07,2.81E-05
5745,PTH1R,1095.319068,0.759547392,0.150462053,5.048099332,4.46E-07,2.90E-05
107985305,CEACAM16-AS1,12.0455928,1.421188886,0.281612495,5.046611605,4.50E-07,2.90E-05
283385,MORN3,109.1145849,-0.614186136,0.121885238,-5.039052702,4.68E-07,2.99E-05
152789,JAKMIP1,1053.883304,-0.637824868,0.126743018,-5.032426082,4.84E-07,3.07E-05
23594,ORC6,59.89265596,-0.577528681,0.114771021,-5.032007858,4.85E-07,3.07E-05
526,ATP6V1B2,6698.396425,-0.592373168,0.117822796,-5.027661773,4.96E-07,3.13E-05
30846,EHD2,913.6071734,0.537360769,0.106873833,5.0279919,4.96E-07,3.13E-05
101928235,PIK3R5-DT,8.122111364,1.112749471,0.221376936,5.026492326,5.00E-07,3.13E-05
6932,TCF7,75.15614363,0.545934945,0.108695147,5.022624862,5.10E-07,3.18E-05
864,RUNX3,70.6798549,0.824376103,0.16428651,5.017917193,5.22E-07,3.22E-05
102238594,SPACA6-AS1,33.38390651,0.723473427,0.144166795,5.018308336,5.21E-07,3.22E-05
147138,TMC8,401.4837589,0.639971853,0.127600556,5.015431548,5.29E-07,3.24E-05
102524628,RASGRF2-AS1,26.87368723,-0.638925687,0.127511394,-5.010734086,5.42E-07,3.30E-05
2217,FCGRT,1216.506383,0.544047228,0.108611653,5.0091055,5.47E-07,3.31E-05
64900,LPIN3,271.5644764,0.610802199,0.122009242,5.006196179,5.55E-07,3.33E-05
375033,PEAR1,303.2359175,0.882808746,0.176693481,4.996272307,5.84E-07,3.45E-05
5179,PENK,28.19119527,-1.249471651,0.250268711,-4.992520414,5.96E-07,3.50E-05
114036,LINC00310,14.24112336,0.944231909,0.189152462,4.991909174,5.98E-07,3.50E-05
3693,ITGB5,1287.536169,0.502670982,0.100721747,4.990689653,6.02E-07,3.50E-05
220202,ATOH7,45.3651542,-0.937627559,0.188006173,-4.987216887,6.13E-07,3.54E-05
257364,SNX33,824.8999982,0.533521583,0.107219361,4.975981724,6.49E-07,3.72E-05
201229,LYRM9,868.5702803,-0.646599244,0.129954688,-4.975574613,6.51E-07,3.72E-05
105375216,LOC105375216,31.58310092,-0.582484043,0.117108347,-4.973890077,6.56E-07,3.73E-05
107987008,LOC107987008,13.81845126,-1.182415052,0.237856086,-4.971136429,6.66E-07,3.77E-05
64333,ARHGAP9,316.7182637,0.653990252,0.131602151,4.969449552,6.71E-07,3.79E-05
8714,ABCC3,37.02221718,0.834627735,0.16801788,4.967493555,6.78E-07,3.82E-05
105371348,LOC105371348,31.60874505,-0.789117295,0.158896829,-4.96622431,6.83E-07,3.83E-05
26524,LATS2,208.9836753,0.655858582,0.132151409,4.962932961,6.94E-07,3.88E-05
693155,MIR570,9.792495208,0.932526063,0.188336206,4.951390294,7.37E-07,4.06E-05
6863,TAC1,82.70199366,-1.284387427,0.259713278,-4.945405316,7.60E-07,4.16E-05
7857,SCG2,1387.952437,-0.793847328,0.16060191,-4.942950721,7.69E-07,4.18E-05
10370,CITED2,299.9714711,-0.66132113,0.133879838,-4.939661866,7.83E-07,4.23E-05
7040,TGFB1,694.7426502,0.612002781,0.123912308,4.938999138,7.85E-07,4.23E-05
122553,TRAPPC6B,980.95059,-0.52532452,0.106453805,-4.934765097,8.02E-07,4.31E-05
91977,MYOZ3,46.75055744,-0.686101419,0.139090869,-4.932756706,8.11E-07,4.35E-05
64926,RASAL3,214.2471155,0.635323264,0.128865544,4.930125179,8.22E-07,4.40E-05
165904,XIRP1,2.564882169,-1.714607441,0.348373225,-4.921754369,8.58E-07,4.48E-05
105379452,LOC105379452,15.2996844,-1.143841162,0.232402383,-4.921813392,8.57E-07,4.48E-05
10411,RAPGEF3,4077.657894,0.513425517,0.10429476,4.922831392,8.53E-07,4.48E-05
7408,VASP,611.1625558,0.50436928,0.102593482,4.916192253,8.82E-07,4.59E-05
85474,LBX2,8.049903712,1.135634254,0.231142124,4.91314276,8.96E-07,4.64E-05
4885,NPTX2,1246.088103,-0.801686943,0.163263253,-4.910394288,9.09E-07,4.69E-05
105373230,NA,76.86340061,-0.71209094,0.145145325,-4.906054935,9.29E-07,4.77E-05
100132967,FAM223A,5.241749326,0.749309254,0.152761498,4.905092346,9.34E-07,4.78E-05
5724,PTAFR,342.4551803,0.740237538,0.150931564,4.904458157,9.37E-07,4.79E-05
6588,SLN,16.89891409,-1.129246964,0.230417235,-4.900878906,9.54E-07,4.82E-05
57530,CGN,258.4302916,0.518208047,0.105844832,4.895922033,9.78E-07,4.90E-05
105376043,LOC105376043,14.58305548,-1.136259829,0.23208001,-4.895983194,9.78E-07,4.90E-05
11027,LILRA2,121.7554135,0.695655275,0.14208137,4.896175159,9.77E-07,4.90E-05
126326,GIPC3,75.3707099,0.723699118,0.14788991,4.89349895,9.91E-07,4.94E-05
1174,AP1S1,1668.398306,-0.571808239,0.116996616,-4.887391263,1.02E-06,5.05E-05
64857,PLEKHG2,276.3866915,0.62189121,0.127502682,4.877475525,1.07E-06,5.23E-05
7100,TLR5,188.5222774,0.839343646,0.172244463,4.872978981,1.10E-06,5.31E-05
29964,PRICKLE4,275.2224811,0.561904287,0.115386644,4.869751531,1.12E-06,5.36E-05
6329,SCN4A,7.623588724,1.012438829,0.207897924,4.86988426,1.12E-06,5.36E-05
3092,HIP1,2605.893358,0.55904389,0.114830835,4.868412634,1.12E-06,5.38E-05
493829,TRIM72,39.15673796,-0.682367761,0.140250988,-4.865333002,1.14E-06,5.44E-05
6692,SPINT1,33.26598789,0.640014331,0.131584296,4.863911189,1.15E-06,5.47E-05
85450,ITPRIP,398.5660454,0.616197791,0.126784847,4.860184844,1.17E-06,5.56E-05
55911,APOBR,116.4351944,0.618008203,0.127175462,4.85949248,1.18E-06,5.57E-05
101929746,ZNF341-AS1,4.903922281,0.937665051,0.193350568,4.84955934,1.24E-06,5.81E-05
340542,BEX5,762.3440813,-0.816599082,0.168576641,-4.84408205,1.27E-06,5.93E-05
84707,BEX2,2247.459317,-0.579080171,0.119558384,-4.843492806,1.28E-06,5.93E-05
100129055,CCNYL4,2.245612173,-1.250744748,0.258436632,-4.839657366,1.30E-06,6.03E-05
1296,COL8A2,158.5076792,0.780037782,0.161219091,4.83837105,1.31E-06,6.06E-05
56341,PRMT8,306.5088246,-0.893441073,0.18486579,-4.832917302,1.35E-06,6.19E-05
2118,ETV4,77.47844707,0.959156226,0.198678512,4.827679724,1.38E-06,6.32E-05
951,CD37,383.6269965,0.650216489,0.134782475,4.824191653,1.41E-06,6.38E-05
2701,GJA4,327.7732916,0.871777912,0.180886744,4.819468198,1.44E-06,6.45E-05
441631,TSPAN11,425.192019,0.593193773,0.123059319,4.820388864,1.43E-06,6.45E-05
81691,REXO5,60.96921678,-0.510659585,0.105945291,-4.82003096,1.44E-06,6.45E-05
105371492,CTNS-AS1,119.9186463,0.521502442,0.10820153,4.819732611,1.44E-06,6.45E-05
107985693,NA,8.969475354,-0.692479861,0.143682339,-4.819519681,1.44E-06,6.45E-05
9308,CD83,513.8011466,-0.562815247,0.116957965,-4.81211559,1.49E-06,6.62E-05
107987098,NA,22.69626262,0.670552609,0.139355333,4.81181877,1.50E-06,6.62E-05
4038,LRP4,5480.929362,0.545153161,0.113308456,4.811231051,1.50E-06,6.62E-05
55055,ZWILCH,105.7331584,-0.521120044,0.108406209,-4.80710512,1.53E-06,6.72E-05
201232,SLC16A13,23.1989534,0.597922698,0.124397522,4.806548298,1.54E-06,6.73E-05
105379127,LOC105379127,12.16533194,1.058110856,0.220158873,4.806124059,1.54E-06,6.73E-05
105377921,LOC105377921,31.59401976,-0.97478521,0.202841556,-4.805648467,1.54E-06,6.74E-05
107984063,NA,85.49220096,-0.529670707,0.110363635,-4.799322792,1.59E-06,6.89E-05
101927057,LOC101927057,65.37987069,0.621823308,0.129686817,4.794807385,1.63E-06,6.97E-05
6275,S100A4,208.4563735,0.912024834,0.190235567,4.794186756,1.63E-06,6.98E-05
100130894,VAC14-AS1,249.5538565,0.58913667,0.122960556,4.791265511,1.66E-06,7.04E-05
2328,FMO3,47.79497282,0.859301695,0.17950736,4.786999785,1.69E-06,7.13E-05
285954,INHBA-AS1,68.35602935,-0.794825112,0.166037111,-4.787032885,1.69E-06,7.13E-05
11041,B4GAT1,4040.903048,-0.520686592,0.108833144,-4.784264892,1.72E-06,7.22E-05
1960,EGR3,408.2485414,-1.005898988,0.210363423,-4.781720014,1.74E-06,7.28E-05
10045,SH2D3A,7.994741667,0.936733894,0.195914115,4.781349694,1.74E-06,7.28E-05
158056,MAMDC4,246.7867025,0.523997143,0.109708273,4.776277381,1.79E-06,7.44E-05
151475,LINC01907,12.47384994,0.942544087,0.197499069,4.772397628,1.82E-06,7.56E-05
105375120,CHLSN-AS1,28.09131582,0.868919283,0.182262945,4.767394076,1.87E-06,7.70E-05
3687,ITGAX,712.4625641,0.666673351,0.140040352,4.760580378,1.93E-06,7.92E-05
105374760,LOC105374760,11.92990876,-0.813289887,0.170894659,-4.759012906,1.95E-06,7.93E-05
10052,GJC1,257.9326555,0.629978002,0.132378185,4.758926122,1.95E-06,7.93E-05
400087,LINC02393,13.92154341,1.315992022,0.276679418,4.756378459,1.97E-06,7.98E-05
9767,JADE3,230.941339,0.596171872,0.125380661,4.754894955,1.99E-06,8.01E-05
10653,SPINT2,1217.908709,-0.53683477,0.11292016,-4.754109204,1.99E-06,8.03E-05
2852,GPER1,557.071012,0.704673682,0.148241279,4.753559108,2.00E-06,8.03E-05
10874,NMU,5.097340104,-1.318284001,0.277411902,-4.752081618,2.01E-06,8.06E-05
442898,MIR324,11.37315006,0.886650381,0.186789615,4.746786274,2.07E-06,8.25E-05
400581,GRAPL,28.00729389,0.760073219,0.160232873,4.743553595,2.10E-06,8.33E-05
4041,LRP5,384.1542572,0.557312543,0.11753986,4.741477022,2.12E-06,8.37E-05
10584,COLEC10,3.660337059,-0.98009235,0.206785873,-4.739648492,2.14E-06,8.39E-05
10457,GPNMB,1353.82021,0.813571353,0.172099573,4.727329309,2.27E-06,8.76E-05
63940,GPSM3,413.3828835,0.629051761,0.133286074,4.719561027,2.36E-06,8.97E-05
247,ALOX15B,105.8096467,1.087791392,0.230550451,4.718235799,2.38E-06,9.00E-05
102723895,LINC02552,11.59870774,-0.978324806,0.207580177,-4.712997253,2.44E-06,9.20E-05
5217,PFN2,5651.416473,-0.586810617,0.124582695,-4.710209699,2.47E-06,9.25E-05
107986515,NA,4.415356599,-1.051367574,0.223150967,-4.711463213,2.46E-06,9.25E-05
27294,DHDH,37.31748261,-0.611219914,0.129921433,-4.704534898,2.54E-06,9.44E-05
27181,SIGLEC8,409.9539492,0.759864668,0.161542097,4.703818273,2.55E-06,9.46E-05
107985057,LOC107985057,23.73765923,0.577303205,0.122793145,4.701428608,2.58E-06,9.50E-05
387856,CCDC184,454.6440886,-0.775197879,0.164875841,-4.701706904,2.58E-06,9.50E-05
135,ADORA2A,203.4146738,0.667956438,0.142095786,4.700747685,2.59E-06,9.50E-05
2735,GLI1,98.67763403,0.609511676,0.129874123,4.693095601,2.69E-06,9.74E-05
631,BFSP1,65.6954528,-0.595303052,0.126933431,-4.689883871,2.73E-06,9.87E-05
64855,NIBAN2,1545.405418,0.502571696,0.107207272,4.687850823,2.76E-06,9.95E-05
3911,LAMA5,1663.036734,0.500322889,0.106755738,4.686613551,2.78E-06,9.97E-05
1286,COL4A4,113.2187476,0.645132367,0.137720774,4.684350431,2.81E-06,0.000100324
107987042,LOC107987042,9.542129482,0.749206332,0.160022664,4.681876382,2.84E-06,0.000101087
254773,LYG2,7.554787567,0.812377198,0.173583646,4.680033037,2.87E-06,0.000101668
729747,ZNF878,8.832320949,0.660237942,0.14127488,4.67342772,2.96E-06,0.000103479
8698,S1PR4,16.79686348,0.750155462,0.160628007,4.670141138,3.01E-06,0.000104691
286967,FAM223B,5.18714447,0.71817549,0.153856455,4.667828152,3.04E-06,0.000105602
613038,SGF29P2,32.51368637,-0.580943606,0.124514465,-4.66567164,3.08E-06,0.000106365
3003,GZMK,4.82383759,1.557952799,0.334213274,4.661552725,3.14E-06,0.000108045
100133612,LINC01134,3.955389695,1.274187263,0.273408809,4.66037384,3.16E-06,0.000108351
5165,PDK3,1044.597088,-0.52068799,0.11176011,-4.658978868,3.18E-06,0.000108931
3678,ITGA5,457.6273918,0.711203231,0.152690116,4.657821021,3.20E-06,0.00010923
101928922,LINC00463,119.3215042,0.864841064,0.185878354,4.652726079,3.28E-06,0.000111324
64759,TNS3,4124.003895,0.582200359,0.125219748,4.649429268,3.33E-06,0.000112315
103689912,TBX2-AS1,43.09129245,0.772482094,0.166183289,4.648374077,3.35E-06,0.000112471
729359,PLIN4,815.4699823,0.576510848,0.12403457,4.647985214,3.35E-06,0.000112471
1847,DUSP5,230.6263006,-0.652834594,0.140481236,-4.647130197,3.37E-06,0.000112773
171177,RHOV,41.48107912,-0.905939901,0.195084659,-4.643829527,3.42E-06,0.000114268
123920,CMTM3,419.2939455,0.538918698,0.116049704,4.643861029,3.42E-06,0.000114268
4542,MYO1F,503.1542949,0.600875891,0.129638978,4.634994052,3.57E-06,0.000118454
1464,CSPG4,1408.479595,0.602724351,0.130088837,4.633175025,3.60E-06,0.000119305
161931,ADAD2,21.34865933,-0.925964297,0.200008122,-4.629633484,3.66E-06,0.000121026
388242,SGF29P1,31.79377181,-0.574288257,0.124159799,-4.62539614,3.74E-06,0.000122844
266812,NAP1L5,1126.336743,-0.775645666,0.16776674,-4.623357792,3.78E-06,0.000123715
10763,NES,1485.27479,0.507110295,0.109733162,4.621303943,3.81E-06,0.000123921
401237,CASC15,71.49470128,-0.502378733,0.108707935,-4.621362131,3.81E-06,0.000123921
800,CALD1,1930.718464,0.531308526,0.114962249,4.621591257,3.81E-06,0.000123921
401629,FAM224B,2.956239245,-0.985556185,0.213226376,-4.622111978,3.80E-06,0.000123921
105377922,LINC02836,11.65459226,-0.921312127,0.199423397,-4.619879816,3.84E-06,0.000124604
10319,LAMC3,211.5785371,0.52758064,0.114330216,4.614533749,3.94E-06,0.000126815
3587,IL10RA,272.1426038,0.823819957,0.178602206,4.612596769,3.98E-06,0.000127523
400120,SERTM1,164.1128906,-1.083135906,0.234838749,-4.612253784,3.98E-06,0.000127523
163126,EID2,372.4756941,-0.512515532,0.111118455,-4.612334926,3.98E-06,0.000127523
401097,C3orf80,161.2702201,-0.918143328,0.199161987,-4.610032991,4.03E-06,0.000128352
5999,RGS4,3141.044131,-0.990090533,0.214912771,-4.606941356,4.09E-06,0.000129774
4313,MMP2,166.8538138,0.687568793,0.149276986,4.605993264,4.11E-06,0.000130193
8326,FZD9,224.5128695,0.606375802,0.131692903,4.604468326,4.14E-06,0.000130976
107985840,LOC107985840,11.72808959,0.58098327,0.126218197,4.60300721,4.16E-06,0.000131548
2026,ENO2,11957.79912,-0.617940607,0.13429749,-4.601281868,4.20E-06,0.000132115
139716,GAB3,173.1811807,0.513092122,0.111507106,4.601429818,4.20E-06,0.000132115
92312,MEX3A,85.75268578,0.530440016,0.115290235,4.600910178,4.21E-06,0.000132169
84674,CARD6,91.63123199,0.681249116,0.148076813,4.600646798,4.21E-06,0.000132169
400709,SIGLEC16,45.88626327,0.666416539,0.144869477,4.600116959,4.22E-06,0.00013233
5613,PRKX,873.2058285,0.587250813,0.127707103,4.598419355,4.26E-06,0.000133237
54360,CYTL1,75.44256826,0.800796545,0.174209869,4.596734671,4.29E-06,0.000134142
84034,EMILIN2,151.6685642,0.614362834,0.133818867,4.591003089,4.41E-06,0.000136625
4661,MYT1,378.4677085,0.52068113,0.113417436,4.590838494,4.41E-06,0.000136625
93649,MYOCD,29.65727387,0.861011776,0.187722973,4.586608451,4.51E-06,0.000138803
6886,TAL1,472.501137,0.584034337,0.127352624,4.585962331,4.52E-06,0.000139053
1292,COL6A2,624.5996882,0.597640275,0.130422587,4.582337218,4.60E-06,0.000140757
4059,BCAM,952.431493,0.578721762,0.126362476,4.579854564,4.65E-06,0.000142072
4773,NFATC2,193.1062874,0.539582759,0.117811645,4.580046044,4.65E-06,0.000142072
55636,CHD7,754.3552046,0.52249824,0.114181568,4.576029647,4.74E-06,0.000143659
338773,TMEM119,471.1825209,0.656806524,0.143515653,4.576549727,4.73E-06,0.000143659
105377696,LOC105377696,2.059868158,-1.27087039,0.277783379,-4.575041142,4.76E-06,0.000143898
653308,ASAH2B,109.5064241,-0.617878443,0.135103093,-4.573384877,4.80E-06,0.000144673
100506585,PTPRN2-AS1,11.39645119,0.839220175,0.18364519,4.569791208,4.88E-06,0.000146617
23547,LILRA4,99.41551534,0.893672368,0.195598495,4.568912287,4.90E-06,0.000146677
101928087,LOC101928087,2.16698005,-1.421292189,0.31113473,-4.568092382,4.92E-06,0.000146882
10398,MYL9,765.1361484,0.75650356,0.165711415,4.565186772,4.99E-06,0.000148744
388121,TNFAIP8L3,287.667163,-0.512699966,0.112326901,-4.564356004,5.01E-06,0.000149147
1879,EBF1,119.1961396,0.600256733,0.131686788,4.558215315,5.16E-06,0.0001528
109616966,SNORA31B,5.797158462,0.91776649,0.201354416,4.557965534,5.17E-06,0.0001528
54863,TOR4A,107.2827311,0.661956212,0.145297847,4.555856985,5.22E-06,0.000153866
6622,SNCA,3319.488877,-0.60943387,0.133839273,-4.553475648,5.28E-06,0.00015475
5837,PYGM,956.7956199,0.5430885,0.119280307,4.553044119,5.29E-06,0.000154877
55847,CISD1,629.1373318,-0.522906955,0.114981383,-4.547753224,5.42E-06,0.000158111
58191,CXCL16,688.4688621,0.528703624,0.116277422,4.546915595,5.44E-06,0.000158477
57716,PRX,411.0575653,0.570957244,0.125739225,4.540804555,5.60E-06,0.000162543
219749,ZNF25,994.3000468,-0.525962609,0.115899196,-4.538104041,5.68E-06,0.000164237
102723392,LOC102723392,36.72183568,-0.842701058,0.186092244,-4.528405062,5.94E-06,0.00017071
107985078,LOC107985078,16.18373957,0.924863036,0.204285111,4.527314952,5.97E-06,0.000171148
114132,SIGLEC11,39.08997994,0.743711033,0.1642692,4.527391831,5.97E-06,0.000171148
107986182,LOC107986182,14.24943554,-1.008089855,0.222831038,-4.524010058,6.07E-06,0.000172367
83988,NCALD,2608.476293,-0.732374844,0.161901987,-4.523569225,6.08E-06,0.000172367
3481,IGF2,126.9546002,0.732754284,0.162081256,4.520906997,6.16E-06,0.000173376
8854,ALDH1A2,70.64153751,-0.622869464,0.13805953,-4.511600654,6.43E-06,0.000178919
1033,CDKN3,34.90021789,-0.503205369,0.111668479,-4.506243613,6.60E-06,0.00018269
345079,SOWAHB,131.5799847,-1.078618846,0.239382248,-4.505843074,6.61E-06,0.000182822
645432,ARRDC5,10.01900197,0.748262613,0.166089503,4.505177021,6.63E-06,0.000182925
84433,CARD11,146.2820537,0.654160116,0.145270923,4.503035453,6.70E-06,0.00018397
378884,NHLRC1,73.65161432,-0.613573214,0.13631759,-4.501056779,6.76E-06,0.000185049
28999,KLF15,1588.815993,0.515155985,0.11448618,4.499722033,6.80E-06,0.000185361
140679,SLC32A1,152.9542654,-1.007912356,0.223986704,-4.499875828,6.80E-06,0.000185361
55859,BEX1,4539.926949,-0.677944034,0.150648057,-4.5001844,6.79E-06,0.000185361
84519,ACRBP,31.15331046,0.579524858,0.128944808,4.494363653,6.98E-06,0.000187722
158062,LCN6,24.5386454,0.977234135,0.217451817,4.494026078,6.99E-06,0.000187807
105371022,LOC105371022,5.331088127,0.999177872,0.222587402,4.488923733,7.16E-06,0.000191065
79651,RHBDF2,856.6372915,0.660571653,0.147264166,4.485623834,7.27E-06,0.000193394
9423,NTN1,304.1326686,0.523569513,0.116783428,4.4832518,7.35E-06,0.000194869
3932,LCK,9.466694118,1.139770747,0.254287018,4.482221537,7.39E-06,0.000195193
283897,C16orf54,13.33672074,0.82920941,0.185036156,4.481337193,7.42E-06,0.000195734
105374127,LOC105374127,8.072125004,0.875114033,0.195345847,4.479818972,7.47E-06,0.000196746
51214,IGF2-AS,4.558964129,1.094859623,0.24444206,4.479014878,7.50E-06,0.000197052
107984913,LOC107984913,38.67293654,0.660905743,0.147588983,4.478015416,7.53E-06,0.000197245
107985492,LOC107985492,6.380841379,1.324369242,0.295759193,4.477863316,7.54E-06,0.000197245
283932,FBXL19-AS1,62.81439696,0.596012595,0.133114451,4.477444718,7.55E-06,0.000197414
5110,PCMT1,2251.876388,-0.529581356,0.11829846,-4.476654708,7.58E-06,0.000197793
100144602,EPHA5-AS1,14.63458885,-0.617223827,0.137982384,-4.473207456,7.71E-06,0.000200255
100126338,MIR937,14.63315272,0.602611413,0.134840722,4.46906101,7.86E-06,0.000202972
4317,MMP8,22.58902571,2.493573973,0.55831341,4.466262008,7.96E-06,0.000204638
105373880,LOC105373880,10.54029452,0.657982604,0.147436199,4.462829391,8.09E-06,0.000206817
100861555,SWINGN,20.04681104,0.613242094,0.137417877,4.462607832,8.10E-06,0.000206817
634,CEACAM1,24.74755457,0.89519898,0.200596537,4.462684115,8.09E-06,0.000206817
112268224,NA,6.176013314,0.948566965,0.212619686,4.461331804,8.15E-06,0.000207829
128272,ARHGEF19,60.98997099,0.582139422,0.130557678,4.45886776,8.24E-06,0.000209109
107984690,LOC107984690,19.37552465,0.761971479,0.17096416,4.456907692,8.32E-06,0.000210355
105378345,LOC105378345,25.23813141,0.907512302,0.203735788,4.454358818,8.41E-06,0.000212192
123624,AGBL1,78.17114738,-0.862597538,0.193747883,-4.45216496,8.50E-06,0.000213918
723961,INS-IGF2,123.7618959,0.72168198,0.16214817,4.450756257,8.56E-06,0.000214417
51477,ISYNA1,1217.912392,0.571922619,0.12849603,4.450897174,8.55E-06,0.000214417
102724934,LINC03199,16.60493116,-0.865661881,0.194582773,-4.448810491,8.63E-06,0.000215771
200172,SLFNL1,36.69442463,0.579465901,0.130346219,4.445590391,8.77E-06,0.000218254
107985939,LOC107985939,50.37874428,0.51255738,0.115305001,4.445231124,8.78E-06,0.00021839
144203,OVOS2P,16.99705913,-0.730844488,0.164463251,-4.443816379,8.84E-06,0.000219144
219738,FAM241B,472.7955716,-0.625345984,0.140737907,-4.443337244,8.86E-06,0.000219403
105370608,LOC105370608,9.667959211,-1.052436351,0.236927736,-4.442014135,8.91E-06,0.00021999
5121,PCP4,449.681395,-0.803446319,0.180880309,-4.441867243,8.92E-06,0.00021999
5284,PIGR,1.814678824,1.776718452,0.400101692,4.440667176,8.97E-06,0.000220306
101928572,LOC101928572,9.695407737,0.864819442,0.194861027,4.438134478,9.07E-06,0.000222453
338094,FAM151A,30.45074276,0.585798462,0.13213505,4.433331379,9.28E-06,0.000227111
105373328,LOC105373328,13.11616793,-1.029455735,0.232698302,-4.423993336,9.69E-06,0.000235588
6706,SPRR2G,1.864754046,-1.277194525,0.288922223,-4.420547894,9.85E-06,0.000237446
345557,PLCXD3,428.9112878,-0.807269799,0.18257791,-4.421508604,9.80E-06,0.000237446
6442,SGCA,34.70118298,0.682918316,0.154509283,4.419917715,9.87E-06,0.000237643
642976,GRIK1-AS1,28.20188383,0.624399576,0.14129251,4.419197976,9.91E-06,0.000238194
4069,LYZ,95.4944257,1.13749669,0.257682528,4.414333783,1.01E-05,0.000242142
257313,UTS2B,3.800489344,-0.976191374,0.221171191,-4.413736578,1.02E-05,0.000242567
440248,HERC2P9,2774.221467,0.529412318,0.120038922,4.410338833,1.03E-05,0.000245418
115110,TNFRSF14-AS1,52.76677143,0.506481063,0.114857043,4.409664828,1.04E-05,0.000245692
25977,NECAP1,1737.800145,-0.534989933,0.12134274,-4.408915878,1.04E-05,0.000246297
105372704,LOC105372704,25.15456222,0.877958189,0.199143698,4.408666684,1.04E-05,0.000246334
7475,WNT6,26.83158067,0.831054749,0.188595108,4.406555182,1.05E-05,0.000248499
79890,RIN3,429.7710766,0.527179883,0.119647824,4.406096705,1.05E-05,0.000248777
79873,NUDT18,123.2014284,-0.598378056,0.136045718,-4.398360092,1.09E-05,0.000255512
50509,COL5A3,3475.760515,0.512329119,0.116580463,4.394639608,1.11E-05,0.000258663
102465532,MIR6883,6.099286813,0.847731888,0.192925613,4.394086801,1.11E-05,0.000259068
8564,KMO,199.6368206,-0.582620524,0.132599059,-4.393851118,1.11E-05,0.000259095
107984435,LOC107984435,3.319940562,-0.890413755,0.202694678,-4.392881773,1.12E-05,0.000259556
145773,FAM81A,552.1738449,-0.637507276,0.145143149,-4.392265701,1.12E-05,0.00025972
100291105,RBM38-AS1,18.2862713,0.509529799,0.116185149,4.385498523,1.16E-05,0.00026637
340017,LINC02433,8.374684456,-0.949368458,0.216658113,-4.381873559,1.18E-05,0.00026912
9322,TRIP10,715.3738164,0.615130654,0.140546939,4.376691934,1.20E-05,0.00027496
374872,PEAK3,17.51578552,0.679389546,0.155288675,4.375010273,1.21E-05,0.000276292
11170,FAM107A,66475.50343,0.520945105,0.119162705,4.371712652,1.23E-05,0.000279162
84733,CBX2,51.91098682,0.537674423,0.122999617,4.371350372,1.23E-05,0.000279179
105376289,LOC105376289,20.29336664,-0.522463211,0.119540051,-4.370612241,1.24E-05,0.000279773
100526771,SMIM35,125.5273203,0.654164538,0.149687297,4.370207428,1.24E-05,0.000280026
64412,GZF1,2881.687037,-0.535333038,0.122531417,-4.368945119,1.25E-05,0.000281115
101927039,UQCRB-AS1,13.27510116,-0.538203744,0.12324471,-4.366952099,1.26E-05,0.000282887
9177,HTR3B,122.4433783,-0.839561627,0.192328264,-4.365253493,1.27E-05,0.000284289
100126784,LEISA1,216.81069,-0.572314156,0.131132925,-4.364381825,1.27E-05,0.000284448
107985556,NA,33.81222708,0.692428749,0.159024535,4.354225895,1.34E-05,0.000293179
57642,COL20A1,358.1031051,0.554572976,0.127425605,4.352131407,1.35E-05,0.000295448
55301,OLAH,16.60469594,0.721301772,0.165816836,4.34999117,1.36E-05,0.000297797
7850,IL1R2,51.26686531,1.552982932,0.357379625,4.345471376,1.39E-05,0.000302475
105371793,LOC105371793,11.34579337,0.723790281,0.166573822,4.345162248,1.39E-05,0.000302475
2805,GOT1,2803.97641,-0.577993734,0.133092992,-4.34278114,1.41E-05,0.000304375
100287036,LOC100287036,4.895970198,-1.026291613,0.23639504,-4.34142617,1.42E-05,0.000305429
100131096,NA,491.0649983,0.603024047,0.13902361,4.337565733,1.44E-05,0.0003086
3561,IL2RG,54.91338015,0.6656159,0.153462577,4.337317373,1.44E-05,0.00030867
347454,SOWAHD,19.97787239,0.655275898,0.151194266,4.333999664,1.46E-05,0.000311677
1848,DUSP6,565.4608234,-0.511527734,0.118047143,-4.333249574,1.47E-05,0.000312181
284759,SIRPB2,130.3048964,0.915414846,0.211252857,4.333266119,1.47E-05,0.000312181
64344,HIF3A,2512.374997,0.603168975,0.139221243,4.332449275,1.47E-05,0.000313039
920,CD4,700.8206682,0.511970253,0.118176703,4.33224351,1.48E-05,0.000313052
105372556,LINC00237,4.351481778,0.895636296,0.207064598,4.325395575,1.52E-05,0.000320931
100129464,LINC01546,31.56110879,0.866227286,0.200377909,4.322967979,1.54E-05,0.000323528
100506555,NECTIN3-AS1,8.165336218,-0.770851665,0.178474873,-4.319104722,1.57E-05,0.000327889
105375655,LOC105375655,12.64376132,0.77714667,0.179930671,4.319145058,1.57E-05,0.000327889
339768,ESPNL,12.45136266,1.012468582,0.234436985,4.318723787,1.57E-05,0.000328166
102465513,MIR6852,14.85668864,0.719792625,0.166757797,4.316395632,1.59E-05,0.000330481
5532,PPP3CB,2653.779919,-0.53166471,0.12325667,-4.313476193,1.61E-05,0.000333415
3683,ITGAL,145.3286789,0.688371797,0.159656904,4.311569235,1.62E-05,0.000335718
79742,DIPK2B,631.6769747,0.513841537,0.119203692,4.310617628,1.63E-05,0.000335859
3321,IGSF3,184.5637188,-0.54101711,0.125540836,-4.309491067,1.64E-05,0.000336541
338758,ATP2B1-AS1,126.9887599,-0.655128585,0.152052222,-4.308576204,1.64E-05,0.000337643
4018,LPA,10.5277557,-0.74132687,0.172098049,-4.307584398,1.65E-05,0.000338832
147912,SIX5,207.7201913,0.545435645,0.126718542,4.304308083,1.68E-05,0.000342441
105379346,LOC105379346,9.596728147,1.129779137,0.262765894,4.299565361,1.71E-05,0.000348353
105371204,LOC105371204,12.74330746,1.055641575,0.245745494,4.295670114,1.74E-05,0.000352713
100129973,CERNA1,29.39718471,-0.600708885,0.13987223,-4.294697277,1.75E-05,0.000353961
729648,ZNF812P,36.52067436,0.770308175,0.179379225,4.294299831,1.75E-05,0.000354294
4085,MAD2L1,62.4191775,-0.551527694,0.128442168,-4.29397682,1.76E-05,0.000354509
84871,AGBL4,137.4234401,-0.694454327,0.161758728,-4.293149026,1.76E-05,0.000355102
132946,ARL9,42.22074519,-0.592682631,0.138119279,-4.291092703,1.78E-05,0.000356834
440119,FZD10-AS1,54.1244205,0.653101901,0.152201983,4.291020966,1.78E-05,0.000356834
102723639,LOC102723639,5.053145219,1.237455952,0.28854241,4.288644963,1.80E-05,0.000358853
10231,RCAN2,2477.568086,-0.55149496,0.12860649,-4.288235845,1.80E-05,0.00035917
2000,ELF4,99.97650646,0.5963969,0.139084802,4.288009129,1.80E-05,0.00035917
26468,LHX6,258.3459652,-0.54300586,0.12664957,-4.287467055,1.81E-05,0.000359552
728192,LINC00460,31.18147163,-0.852903687,0.199032813,-4.285241586,1.83E-05,0.000362563
84689,MS4A14,161.0426686,0.801255508,0.187078161,4.282998639,1.84E-05,0.000365322
27306,HPGDS,78.64672246,0.624293364,0.145775705,4.282561105,1.85E-05,0.000365432
1775,DNASE1L2,175.1341125,0.53305373,0.124600489,4.278103022,1.88E-05,0.000371283
284274,SMIM21,5.024604451,-0.879629594,0.205621002,-4.277917067,1.89E-05,0.000371283
284312,ZSCAN1,134.646312,-0.507199236,0.118567511,-4.277725269,1.89E-05,0.000371295
7478,WNT8A,8.675658537,-0.857696102,0.200598082,-4.275694427,1.91E-05,0.000373768
55540,IL17RB,741.6123791,0.517021058,0.121031961,4.271772938,1.94E-05,0.000378217
2843,GPR20,5.203093505,1.173328011,0.274645408,4.272155934,1.94E-05,0.000378217
284612,SYPL2,63.63090471,0.577076473,0.13514675,4.269998898,1.95E-05,0.000380164
102724643,FAM245B,8.319137415,-0.695489567,0.162889007,-4.269714575,1.96E-05,0.000380164
25786,DGCR11,16.39981025,-0.663202024,0.155323488,-4.269811563,1.96E-05,0.000380164
23034,SAMD4A,1552.516806,0.568959677,0.133271559,4.269175533,1.96E-05,0.000380773
489,ATP2A3,112.3330209,0.526260626,0.123285676,4.268627477,1.97E-05,0.000381398
2827,GPR3,60.55881229,-0.670171103,0.157143727,-4.264701605,2.00E-05,0.000386863
102546175,LINC01338,79.00817313,0.791745058,0.185657671,4.26454267,2.00E-05,0.000386863
105370032,LOC105370032,10.64618412,0.63941116,0.149943191,4.264356105,2.00E-05,0.000386872
92235,STYXL2,15.57655994,-0.681286794,0.159808849,-4.263135606,2.02E-05,0.000388361
5473,PPBP,8.292017014,1.458392962,0.34211325,4.262895284,2.02E-05,0.000388464
348645,MIR3667HG,96.004882,0.760350365,0.178494861,4.25978854,2.05E-05,0.000392313
283383,ADGRD1,186.7434408,0.747033421,0.175452469,4.257753815,2.06E-05,0.000394626
5336,PLCG2,271.4599476,0.516013663,0.121324799,4.253159018,2.11E-05,0.0004012
22895,RPH3A,2012.389056,-0.760794311,0.179043452,-4.249216047,2.15E-05,0.000408
399715,LINC02649,37.28084896,0.601807446,0.141701798,4.246999356,2.17E-05,0.000411069
10777,ARPP21,1680.580291,-0.604009976,0.142330802,-4.243705285,2.20E-05,0.000415824
64112,MOAP1,2525.560307,-0.568903488,0.134054819,-4.24381228,2.20E-05,0.000415824
55228,PNMA8A,2946.812204,-0.590620695,0.13919504,-4.243115959,2.20E-05,0.000416586
103344926,PYDC2-AS1,98.51798604,-0.728588836,0.171748388,-4.24218733,2.21E-05,0.000417982
9096,TBX18,73.44597735,0.725430161,0.171149275,4.238581555,2.25E-05,0.000423405
105371480,LOC105371480,208.4359875,0.668054293,0.157744985,4.235027131,2.29E-05,0.000429817
11030,RBPMS,336.7175833,0.526647714,0.124400003,4.233502414,2.30E-05,0.000431717
105375743,LOC105375743,31.56183678,0.627870154,0.14830529,4.233632884,2.30E-05,0.000431717
100128811,GPR158-AS1,16.20443256,-0.70440577,0.166379139,-4.233738513,2.30E-05,0.000431717
150372,NFAM1,131.2758809,0.613638108,0.144995716,4.232111989,2.32E-05,0.000433291
1366,CLDN7,27.71389818,0.56573744,0.133835786,4.227101406,2.37E-05,0.000440353
101340251,SNORD124,4.396935279,1.063384408,0.251574212,4.226921348,2.37E-05,0.000440361
92949,ADAMTSL1,42.7230185,-0.737969677,0.174745061,-4.223121806,2.41E-05,0.000446805
2572,GAD2,458.1465243,-1.02651153,0.243090694,-4.222751235,2.41E-05,0.000447191
23596,OPN3,244.5064698,-0.585069166,0.138605863,-4.221099689,2.43E-05,0.000449346
4190,MDH1,5508.130986,-0.648981119,0.153751811,-4.2209657,2.43E-05,0.000449346
3270,HRC,60.51279859,0.699088675,0.16566648,4.219855913,2.44E-05,0.000450516
79750,ZNF385D,219.5654802,-0.546333529,0.129546693,-4.217271145,2.47E-05,0.000454648
80760,ITIH5,976.4745377,0.611963786,0.145216002,4.214162197,2.51E-05,0.000458825
51176,LEF1,275.1391737,0.602857932,0.143070447,4.213713896,2.51E-05,0.00045903
120425,JAML,29.3952196,0.864239984,0.205114544,4.213450526,2.51E-05,0.000459083
284958,NT5DC4,2.906712264,0.915196676,0.217371128,4.210295468,2.55E-05,0.000464601
84962,AJUBA,63.08652947,0.63120325,0.14998627,4.208406868,2.57E-05,0.000466355
55243,KIRREL1,181.9587592,0.544942837,0.129537056,4.20684901,2.59E-05,0.000468864
53947,A4GALT,234.2509939,0.587582066,0.139715778,4.205552693,2.60E-05,0.000471201
105372721,LOC105372721,7.908477259,0.868701685,0.206607374,4.204601546,2.62E-05,0.000472827
8353,H3C6,6.981147265,1.27183189,0.302947015,4.19819911,2.69E-05,0.000483083
113,ADCY7,417.5603792,0.541570986,0.128990669,4.198528384,2.69E-05,0.000483083
5058,PAK1,3421.768773,-0.708145064,0.168764869,-4.196045464,2.72E-05,0.000486961
8808,IL1RL2,41.06514415,-0.639476471,0.152416533,-4.19558467,2.72E-05,0.000487584
101410534,DLGAP1-AS4,88.92756326,-0.58434476,0.13935074,-4.193338057,2.75E-05,0.000491329
55194,EVA1B,227.556589,0.515633752,0.122994293,4.192338854,2.76E-05,0.000491967
105373171,LOC105373171,2.977153297,1.115591031,0.266133198,4.191852194,2.77E-05,0.000491967
8516,ITGA8,198.2767474,0.579336225,0.13828979,4.189291383,2.80E-05,0.000495895
54106,TLR9,75.97692485,0.662013134,0.158071598,4.188058708,2.81E-05,0.000498024
65055,REEP1,965.5863258,-0.634873331,0.151714653,-4.184654012,2.86E-05,0.000503671
51617,NSG2,4693.969928,-0.616243774,0.147258772,-4.184767849,2.85E-05,0.000503671
944,TNFSF8,35.40341271,0.653069427,0.156194351,4.181133471,2.90E-05,0.000507402
1435,CSF1,1175.892776,0.530710943,0.126938641,4.180846262,2.90E-05,0.000507658
6608,SMO,505.9232799,0.505211562,0.12086304,4.180033534,2.91E-05,0.000508727
1846,DUSP4,90.2990075,-0.635288669,0.151996498,-4.179627018,2.92E-05,0.000509263
154043,CNKSR3,456.8819531,0.503720472,0.120599721,4.176796327,2.96E-05,0.000513754
401428,OR2A20P,24.29381305,0.580518135,0.139005735,4.176217139,2.96E-05,0.000514686
6866,TAC3,150.6294859,-0.79581738,0.190624299,-4.17479506,2.98E-05,0.000516402
105371786,LINC02594,14.49764314,-0.949951779,0.227658331,-4.172708174,3.01E-05,0.000520019
399827,LINC01164,30.40335088,-0.773668551,0.185581909,-4.168879136,3.06E-05,0.00052766
148252,DIRAS1,1911.273176,-0.58797246,0.141049395,-4.168557127,3.07E-05,0.00052766
80149,ZC3H12A,58.25661145,0.593450558,0.142514898,4.164129964,3.13E-05,0.000535674
129804,FBLN7,162.7077952,-0.632775537,0.151997472,-4.16306619,3.14E-05,0.000537401
23704,KCNE4,535.9759364,0.820772769,0.197345068,4.159074142,3.20E-05,0.000543061
85462,FHDC1,84.5229717,0.552450699,0.132845921,4.158582317,3.20E-05,0.000543061
102723354,LINC02298,43.95410485,-0.57819187,0.139024408,-4.158923442,3.20E-05,0.000543061
114897,C1QTNF1,429.0120035,0.60984072,0.146646842,4.158567005,3.20E-05,0.000543061
2922,GRP,16.74969879,-0.912259605,0.2194087,-4.157809626,3.21E-05,0.000544423
26136,TES,61.30886579,0.700653063,0.168544428,4.157082339,3.22E-05,0.000544992
2268,FGR,397.4180727,0.563675095,0.135610781,4.156565498,3.23E-05,0.000545837
1745,DLX1,140.5082754,-0.779828998,0.187645805,-4.155856285,3.24E-05,0.000547144
200879,LIPH,32.36881919,-0.504975536,0.12151486,-4.155668984,3.24E-05,0.000547204
100616358,MIR4800,26.66499741,0.511146021,0.123015532,4.155134012,3.25E-05,0.000548096
9056,SLC7A7,197.0855064,0.556431808,0.133941926,4.154276578,3.26E-05,0.000549463
112268295,LOC112268295,43.82866963,0.801044701,0.192825799,4.154240271,3.26E-05,0.000549463
107986847,LOC107986847,6.111322542,0.841055258,0.20265157,4.150252867,3.32E-05,0.000557411
1056,CEL,83.83265919,0.644647462,0.155331305,4.150145148,3.32E-05,0.000557411
22876,INPP5F,2996.762643,-0.543526813,0.131074289,-4.146708084,3.37E-05,0.000563058
107985302,NA,11.96436303,0.694671719,0.167554013,4.145956921,3.38E-05,0.000564511
4237,MFAP2,3.921854248,0.993180033,0.239603208,4.145103242,3.40E-05,0.000565823
3852,KRT5,14.55510623,-1.066160327,0.257438393,-4.141419284,3.45E-05,0.000572981
105375532,LOC105375532,19.75361444,0.831536261,0.201261245,4.131626335,3.60E-05,0.000592158
43847,KLK14,44.55993758,0.619408665,0.149926721,4.131409409,3.61E-05,0.000592307
5228,PGF,164.7339351,0.666931786,0.161491989,4.129813446,3.63E-05,0.000595467
6894,TARBP1,1253.880011,-0.575899442,0.139465881,-4.129321358,3.64E-05,0.000595652
100302149,MIR1249,10.79469387,0.709389704,0.171807834,4.128971812,3.64E-05,0.000596148
54209,TREM2,554.2895406,0.592405307,0.143508829,4.128006007,3.66E-05,0.000597471
400322,HERC2P2,6808.419749,0.624805432,0.151358377,4.127987118,3.66E-05,0.000597471
283755,HERC2P3,3270.820461,0.954859937,0.231342479,4.127473445,3.67E-05,0.000598396
79154,DHRS11,401.7099701,-0.516508078,0.125164639,-4.126629399,3.68E-05,0.000600183
10894,LYVE1,370.7064534,0.814897597,0.197538964,4.125249928,3.70E-05,0.000602964
54510,PCDH18,152.9121535,0.693029063,0.168035843,4.124293081,3.72E-05,0.000604233
170954,PPP1R18,970.2108526,0.525662011,0.127488282,4.123218253,3.74E-05,0.000606232
284424,MIR7-3HG,122.2011896,-0.640676094,0.155463005,-4.121083952,3.77E-05,0.000611041
63908,NAPB,5063.342684,-0.734782733,0.178324771,-4.120474845,3.78E-05,0.000612175
9737,GPRASP1,2147.248465,-0.569700639,0.138270608,-4.120186103,3.79E-05,0.000612175
101928605,ARHGEF35-AS1,11.78731281,0.593085247,0.143971384,4.119466177,3.80E-05,0.000613055
283298,OLFML1,34.35863579,0.666998686,0.162067512,4.115560718,3.86E-05,0.000621231
6693,SPN,104.8354121,0.75049874,0.182356903,4.115548838,3.86E-05,0.000621231
285533,RNF175,308.3223417,-0.552272595,0.134243269,-4.113968619,3.89E-05,0.000625078
3575,IL7R,21.97645158,1.056291154,0.256837136,4.112688564,3.91E-05,0.000627026
151534,LBX2-AS1,36.20108022,0.770225128,0.187299955,4.11225475,3.92E-05,0.000627192
105373991,NA,31.09141029,0.607646699,0.147831523,4.110400046,3.95E-05,0.000630976
107987261,NA,14.67982123,0.678780735,0.165150077,4.110084279,3.96E-05,0.000631415
105371115,IQCK-AS1,254.8546523,0.526435747,0.128193772,4.106562584,4.02E-05,0.000636835
1750,DLX6,22.92236596,-0.793609915,0.19328581,-4.105888143,4.03E-05,0.000637906
10537,UBD,8.701974779,1.000129002,0.243666509,4.104499249,4.05E-05,0.000640711
79844,ZDHHC11,894.1682033,0.538704954,0.131264592,4.103962433,4.06E-05,0.000641248
113130,CDCA5,65.24607131,-0.519015737,0.126469258,-4.103888533,4.06E-05,0.000641248
105374323,LINC02923,3.493838658,-0.966171057,0.235486812,-4.10286694,4.08E-05,0.000642806
7280,TUBB2A,7578.550306,-0.506355749,0.123407857,-4.103107865,4.08E-05,0.000642806
57121,LPAR5,257.980187,0.636470843,0.155143218,4.102472875,4.09E-05,0.000643475
401546,C9orf152,5.573695855,1.343286335,0.327468471,4.102032571,4.10E-05,0.000643885
107986305,ARSJ-DT,3.964131764,-0.807288262,0.196876938,-4.10047145,4.12E-05,0.000645643
283738,NTRK3-AS1,2.695257954,1.244063136,0.30341559,4.100195174,4.13E-05,0.000645989
401630,FAM224A,2.869161834,-0.884780122,0.215888288,-4.098323865,4.16E-05,0.000649521
105372225,LOC105372225,9.07324028,0.698415126,0.170433976,4.097863238,4.17E-05,0.000650387
56624,ASAH2,51.21914538,-0.665209028,0.162419786,-4.095615702,4.21E-05,0.00065464
283575,LINC02288,2.999688292,-0.927714927,0.226624983,-4.093612781,4.25E-05,0.00065897
339366,ADAMTSL5,68.51179469,0.57077639,0.139590088,4.088946405,4.33E-05,0.000668436
90187,EMILIN3,219.9399246,0.513716478,0.125694296,4.087030939,4.37E-05,0.00067291
157574,FBXO16,73.43476228,-0.589432862,0.144241071,-4.086442626,4.38E-05,0.000673937
408263,FNDC9,187.5782526,-0.649117374,0.159012336,-4.082182487,4.46E-05,0.000685083
5865,RAB3B,410.3703397,-0.872320996,0.213757665,-4.08088756,4.49E-05,0.000687775
3382,ICA1,624.6215606,-0.595444987,0.14599546,-4.078517144,4.53E-05,0.000692837
29842,TFCP2L1,59.25293473,0.661271855,0.162206088,4.076738807,4.57E-05,0.00069627
100996645,LNCBRM,62.22834042,-0.781583487,0.191714814,-4.076802785,4.57E-05,0.00069627
5027,P2RX7,2683.771458,0.594023632,0.145723275,4.076381284,4.57E-05,0.000696539
93107,KCNG4,12.56886788,0.795955834,0.195457938,4.072261486,4.66E-05,0.000705485
2872,MKNK2,2771.754733,0.613123357,0.150562409,4.07222068,4.66E-05,0.000705485
115273,RAB42,23.05804083,0.917815828,0.225427469,4.071446272,4.67E-05,0.000707273
105373975,NA,115.6627809,0.729318148,0.179153608,4.070909637,4.68E-05,0.000707273
348840,ANKRD18DP,7.607024857,-0.874188759,0.214753407,-4.070663057,4.69E-05,0.000707273
100506411,MAP3K9-DT,96.555641,-0.540386314,0.132756044,-4.070521372,4.69E-05,0.000707273
284009,LOC284009,12.66225343,0.572923277,0.14077506,4.069778261,4.71E-05,0.000707507
22891,ZNF365,1691.80535,-0.569942301,0.140063627,-4.069167071,4.72E-05,0.000708916
412,STS,480.3878111,-0.502601504,0.12352288,-4.068894,4.72E-05,0.000708942
284485,RIIAD1,47.37857345,-0.646720486,0.15904046,-4.066389697,4.77E-05,0.000713802
101927536,LOC101927536,4.127156108,-0.801509499,0.197102903,-4.066452023,4.77E-05,0.000713802
342850,ANKRD62,2.317267633,-1.009524257,0.248482797,-4.062753111,4.85E-05,0.000721144
64096,GFRA4,4.321452523,-0.882639394,0.217262431,-4.062549564,4.85E-05,0.000721144
4345,CD200,985.0202796,-0.602361743,0.148289123,-4.062076383,4.86E-05,0.000721223
284454,MIR23AHG,193.9696788,0.550700713,0.135602834,4.061129825,4.88E-05,0.000723702
26153,KIF26A,115.6856088,0.500828735,0.12333486,4.060723271,4.89E-05,0.000724512
100189589,DCTN1-AS1,124.0566228,-0.715392245,0.176203914,-4.060024705,4.91E-05,0.00072623
78991,PCYOX1L,414.011828,-0.542058854,0.133520376,-4.059746302,4.91E-05,0.000726644
107985230,NA,3.86604561,1.00249337,0.247040128,4.058018348,4.95E-05,0.000730221
3157,HMGCS1,1727.669889,-0.522127781,0.128724363,-4.056169065,4.99E-05,0.000733745
6954,TCP11,3.681295604,-0.996880147,0.245843767,-4.054933588,5.01E-05,0.000737177
90427,BMF,94.54708311,0.568474716,0.140261315,4.052968668,5.06E-05,0.000740649
6869,TACR1,38.64812146,-0.771376293,0.190334826,-4.052733335,5.06E-05,0.000740938
101928537,LINC01494,3.906648251,-0.853408327,0.210590244,-4.052458994,5.07E-05,0.000741351
441295,OR2A9P,21.26275378,0.570605646,0.140835222,4.0515834,5.09E-05,0.000743673
6540,SLC6A13,305.260751,0.572022789,0.141249096,4.049744782,5.13E-05,0.000747241
1769,DNAH8,4.261167758,-0.785937322,0.194101041,-4.049114411,5.14E-05,0.000748797
105372838,NA,14.1530004,0.66370643,0.163933529,4.048631389,5.15E-05,0.000749884
107985246,CSRP1-AS1,197.2837218,0.503580878,0.124443627,4.046658624,5.20E-05,0.000754841
10462,CLEC10A,4.805697657,1.115131344,0.275639219,4.045619298,5.22E-05,0.000757272
199786,NIBAN3,33.53864793,0.509614785,0.126059219,4.042661765,5.28E-05,0.000763161
126068,ZNF441,182.0432449,-0.583579277,0.144500254,-4.038603803,5.38E-05,0.000774129
57369,GJD2,21.47624867,-0.921479263,0.228309909,-4.036089664,5.43E-05,0.000778235
8530,CST7,28.27910642,0.976508294,0.241971525,4.035633084,5.45E-05,0.000779127
140733,MACROD2,194.1317879,-0.670379438,0.166154192,-4.034682662,5.47E-05,0.000780426
54112,GPR88,94.35659995,-0.680473,0.168682704,-4.034041329,5.48E-05,0.000781501
414332,LCN10,78.55820724,1.015803586,0.251827929,4.033720915,5.49E-05,0.000781501
101927285,LINC01793,3.956853653,-0.803749453,0.199386497,-4.031112756,5.55E-05,0.000787681
165,AEBP1,2022.191607,0.68223502,0.169258961,4.030717286,5.56E-05,0.000787681
4131,MAP1B,11831.24058,-0.525538099,0.130429611,-4.029285172,5.59E-05,0.000790139
101927770,ZNF217-AS1,5.76992444,1.054509555,0.261776435,4.028282971,5.62E-05,0.000792572
11035,RIPK3,35.32540765,0.581419096,0.144364136,4.027448329,5.64E-05,0.000794918
57664,PLEKHA4,274.65095,0.661655303,0.164294826,4.027243689,5.64E-05,0.000795138
3339,HSPG2,403.4115341,0.635307865,0.157769873,4.026800892,5.65E-05,0.000796164
55530,SVOP,1398.339638,-0.809636586,0.201165544,-4.024727951,5.70E-05,0.000801784
389634,LINC00937,13.7959638,-0.563401529,0.140015163,-4.02386082,5.73E-05,0.000804267
1428,CRYM,1285.131995,-0.921165846,0.228980706,-4.022897221,5.75E-05,0.000806612
9087,TMSB4Y,31.49572504,-0.524237803,0.130327289,-4.022471488,5.76E-05,0.000807595
1436,CSF1R,2356.680374,0.537230098,0.133614029,4.020761169,5.80E-05,0.000811513
53844,COPG2IT1,2845.988735,-0.637302244,0.158498753,-4.020865971,5.80E-05,0.000811513
148145,LINC00906,9.285004038,0.817397566,0.203314493,4.020360538,5.81E-05,0.000811513
105374524,LOC105374524,1.783913767,-1.27055669,0.316082549,-4.019698954,5.83E-05,0.000813316
100310756,LOC100310756,19.7053792,0.535814494,0.133338595,4.018450119,5.86E-05,0.000816679
100507050,TPBGL,64.4852705,-0.707965364,0.176177784,-4.018471282,5.86E-05,0.000816679
144423,GLT1D1,448.6251092,-0.608871583,0.151552785,-4.017554577,5.88E-05,0.000819307
387849,REP15,38.46026317,0.677786434,0.168724363,4.01712249,5.89E-05,0.000820329
6345,SRL,48.86653283,0.561870581,0.140008247,4.013124883,5.99E-05,0.000829165
107986862,NA,7.526610229,0.752481491,0.187563977,4.011865736,6.02E-05,0.000832956
147650,SPACA6,535.1972986,0.525814932,0.131116443,4.010289792,6.06E-05,0.000837074
221391,OPN5,4.078760215,-0.751454363,0.187436261,-4.00911946,6.09E-05,0.000840257
54847,SIDT1,348.5080462,-0.628027026,0.156713552,-4.00748384,6.14E-05,0.000844557
401442,LOC401442,15.5694885,-0.800141778,0.199687383,-4.00697212,6.15E-05,0.000844987
157556,BAALC-AS2,20.77958208,-0.524092533,0.130851484,-4.005247134,6.20E-05,0.000849645
107985063,NA,6.836952784,0.709075112,0.177054661,4.004837305,6.21E-05,0.000850196
101927461,LOC101927461,3.368707217,-1.071638193,0.267990025,-3.998798813,6.37E-05,0.00086668
100128593,LOC100128593,4.945064081,1.107696133,0.277312982,3.994389746,6.49E-05,0.000877432
347404,LANCL3,61.85179721,-0.663357697,0.166077931,-3.994255557,6.49E-05,0.000877432
2487,FRZB,230.1356099,0.557260973,0.139566343,3.992803432,6.53E-05,0.000880819
4242,MFNG,232.8553639,0.545228964,0.136648671,3.990005603,6.61E-05,0.000890263
1114,CHGB,1465.461784,-0.946309795,0.237313702,-3.987590214,6.67E-05,0.000896839
2139,EYA2,315.9904242,0.515493332,0.129335018,3.985721272,6.73E-05,0.000902897
126364,LRRC25,85.03130577,0.624936288,0.156912286,3.982710999,6.81E-05,0.000911839
677777,SCARNA12,27.73172466,0.583220811,0.146473579,3.981747536,6.84E-05,0.000914513
5534,PPP3R1,4118.233055,-0.555252655,0.139476443,-3.980978018,6.86E-05,0.000914912
105373089,NA,2.157717561,1.354459214,0.340211687,3.981224828,6.86E-05,0.000914912
54511,HMGCLL1,170.939617,-0.635319049,0.159619281,-3.98021494,6.89E-05,0.000916818
80162,PGGHG,568.5887942,0.506855075,0.127349313,3.980037753,6.89E-05,0.000916987
114836,SLAMF6,5.538963017,1.145556319,0.287871525,3.979401296,6.91E-05,0.000918416
105373976,NA,24.54046282,0.57266229,0.143933355,3.978662825,6.93E-05,0.000920243
2847,MCHR1,137.1704765,-0.789797312,0.198559334,-3.977638796,6.96E-05,0.000923182
101929025,LINC01516,9.153662204,-0.542620447,0.13642732,-3.977359121,6.97E-05,0.000923752
101927167,GATA2-AS1,43.38141398,0.681036641,0.171274719,3.976282348,7.00E-05,0.000927426
105369326,LOC105369326,5.007864912,-0.789772289,0.198686188,-3.974973291,7.04E-05,0.000930822
441072,IL6ST-DT,13.22726385,-0.644001045,0.162077904,-3.973404339,7.09E-05,0.000935578
170261,ZCCHC12,465.3934642,-0.785166947,0.19761741,-3.973166873,7.09E-05,0.000935991
220032,GDPD4,8.828257727,0.735703189,0.185189953,3.972694939,7.11E-05,0.000937327
59335,PRDM12,12.88101653,-0.628471585,0.158224847,-3.972015759,7.13E-05,0.000939483
114801,TMEM200A,74.76354862,-0.695507873,0.175149362,-3.970941519,7.16E-05,0.000942683
284434,NWD1,759.6389427,0.538867592,0.135713142,3.970636783,7.17E-05,0.000943367
4064,CD180,81.97624831,0.783763128,0.197443866,3.969549133,7.20E-05,0.000946634
1903,S1PR3,464.2267439,0.582868287,0.146988635,3.965396967,7.33E-05,0.000957438
107985687,LOC107985687,5.560802706,0.761891368,0.192186838,3.964326461,7.36E-05,0.000959632
4435,CITED1,123.2443371,-0.546787856,0.137925219,-3.964379114,7.36E-05,0.000959632
105375716,LOC105375716,8.208467675,-0.944763338,0.238419291,-3.962612811,7.41E-05,0.000964432
1969,EPHA2,228.0455437,0.585780752,0.147858149,3.961775236,7.44E-05,0.000967292
100507420,LINC01605,22.18568383,-0.590487182,0.149056638,-3.961495371,7.45E-05,0.000967897
105377286,LOC105377286,34.57991387,-0.76922367,0.19425279,-3.959910531,7.50E-05,0.00097381
65997,RASL11B,313.2712142,-0.722137488,0.18238658,-3.959378421,7.51E-05,0.000975449
1634,DCN,1563.970798,0.556268672,0.140525723,3.958482902,7.54E-05,0.000978044
84944,MAEL,60.98803332,-0.561471288,0.141869979,-3.957646926,7.57E-05,0.000979612
202309,GAPT,23.57452577,0.730255522,0.184519172,3.957613261,7.57E-05,0.000979612
2124,EVI2B,285.0704779,0.613866634,0.155111658,3.957578968,7.57E-05,0.000979612
100874261,CCDC200,12.53795311,0.634998259,0.160463477,3.957275958,7.58E-05,0.000980322
105371860,LOC105371860,7.33300682,0.702709102,0.177645765,3.955676072,7.63E-05,0.000986369
23166,STAB1,1642.736412,0.672630366,0.170096466,3.954405286,7.67E-05,0.000990548
152573,SHISA3,42.46356067,0.905613277,0.229029194,3.95413903,7.68E-05,0.000990648
134353,LSM11,436.0607887,-0.508546949,0.128611867,-3.954121501,7.68E-05,0.000990648
4188,MDFI,104.809996,0.59641369,0.150852969,3.953609231,7.70E-05,0.000991695
83959,SLC4A11,227.3238968,0.587349405,0.148610353,3.952277845,7.74E-05,0.00099669
22915,MMRN1,52.58349674,0.966094703,0.244589517,3.949861438,7.82E-05,0.00100626
90874,ZNF697,76.17431676,-0.542781056,0.137521567,-3.946879516,7.92E-05,0.001015021
4091,SMAD6,409.6439964,0.699353948,0.17721865,3.946277371,7.94E-05,0.001017027
196410,TMT1B,178.0919661,0.534325653,0.135413771,3.94587383,7.95E-05,0.001018043
112267967,NA,3.545724862,0.91761658,0.232598546,3.945065847,7.98E-05,0.001018886
90523,MLIP,224.8013763,-0.809909586,0.205321638,-3.944589546,7.99E-05,0.001020364
79935,CCNP,44.850691,0.618012261,0.156741295,3.942880925,8.05E-05,0.001027112
202020,TAPT1-AS1,46.08258316,0.511187772,0.129685266,3.941756736,8.09E-05,0.001031234
8701,DNAH11,101.8047493,0.586813807,0.148925961,3.940305657,8.14E-05,0.001035976
51302,CYP39A1,42.82588745,0.541913958,0.137632692,3.937392714,8.24E-05,0.001045267
101929261,LINC02123,14.22455288,0.749049757,0.190340393,3.935316859,8.31E-05,0.001050975
23224,SYNE2,829.6749134,0.561885622,0.14282281,3.934144848,8.35E-05,0.001054432
100302132,MIR1182,17.42364262,0.559066463,0.14213482,3.9333533,8.38E-05,0.001056575
51411,BIN2,174.8453719,0.534176166,0.135813943,3.933146721,8.38E-05,0.001056575
1057,CELP,19.41574128,0.621379063,0.158000697,3.932761541,8.40E-05,0.001057709
105376955,LINC02022,5.516120009,-0.63705516,0.162029584,-3.931721246,8.43E-05,0.00106061
4303,FOXO4,3355.102638,0.557534167,0.141842631,3.930653026,8.47E-05,0.001063645
105370103,LOC105370103,35.61856965,0.671151835,0.170758263,3.93042084,8.48E-05,0.00106411
3772,KCNJ15,11.75998512,1.129918224,0.287735611,3.926932162,8.60E-05,0.001076813
6775,STAT4,282.0324083,-0.793215796,0.20210412,-3.924787864,8.68E-05,0.001080189
105379829,LOC105379829,6.922836904,0.721924842,0.183919551,3.925220767,8.67E-05,0.001080189
338440,ANO9,7.762281565,0.794377825,0.20237459,3.925284418,8.66E-05,0.001080189
2785,GNG3,2889.063718,-0.609081522,0.155188157,-3.924793831,8.68E-05,0.001080189
1240,CMKLR1,192.7807943,0.574118508,0.146248458,3.925638029,8.65E-05,0.001080189
3004,GZMM,18.46656437,0.721316357,0.18375721,3.92537716,8.66E-05,0.001080189
199675,MCEMP1,20.47622253,1.243951507,0.317124764,3.922593407,8.76E-05,0.001087799
57574,MARCHF4,235.2483715,-0.652159373,0.166322071,-3.921063317,8.82E-05,0.001093587
7277,TUBA4A,3030.835248,-0.629715538,0.160658026,-3.91960212,8.87E-05,0.001096802
105376360,LOC105376360,46.85070706,-0.928087758,0.23677629,-3.919681977,8.87E-05,0.001096802
4591,TRIM37,1614.513477,-0.57562509,0.14685802,-3.9196027,8.87E-05,0.001096802
5104,SERPINA5,78.67734971,1.025460758,0.261666405,3.918962233,8.89E-05,0.001099145
159963,SLC5A12,8.075435923,-0.612205706,0.156277463,-3.917427975,8.95E-05,0.001103292
101928465,SLCO4A1-AS2,30.49348474,0.91236401,0.232890922,3.917559355,8.95E-05,0.001103292
2983,GUCY1B1,1334.406456,-0.54871967,0.140095919,-3.916742716,8.98E-05,0.001104711
84624,FNDC1,14.96981289,1.507631274,0.385108179,3.914825382,9.05E-05,0.00110893
63910,SLC17A9,148.4704193,0.595048464,0.152018227,3.914323136,9.07E-05,0.001110668
137735,ABRA,1.979617851,-1.274034894,0.325605578,-3.912816556,9.12E-05,0.001114686
10733,PLK4,24.48042057,-0.664782644,0.16994506,-3.911750317,9.16E-05,0.001117865
105370462,LOC105370462,10.48951992,-0.651254467,0.166589666,-3.909332926,9.26E-05,0.001125157
2559,GABRA6,7.83167497,-1.133749635,0.290092922,-3.908229218,9.30E-05,0.001129565
105371688,LOC105371688,12.06381372,0.798615083,0.204371667,3.907660459,9.32E-05,0.001130657
2315,MLANA,4.144601799,0.853841888,0.218648611,3.905087191,9.42E-05,0.001138686
105373019,NA,10.48307226,0.749667982,0.191970659,3.905117503,9.42E-05,0.001138686
2350,FOLR2,178.95684,0.632277716,0.161953676,3.904065228,9.46E-05,0.001142345
55612,FERMT1,139.4697766,0.603802245,0.154735381,3.902160208,9.53E-05,0.001148456
481,ATP1B1,8078.900147,-0.519876807,0.133252966,-3.90142765,9.56E-05,0.001151353
642475,MROH6,131.8886495,0.534654563,0.137056215,3.900987374,9.58E-05,0.001152282
50632,CALY,2284.689309,-0.695257779,0.178223899,-3.901035617,9.58E-05,0.001152282
27120,DKKL1,4.674785827,0.922498556,0.236528622,3.900156127,9.61E-05,0.001155075
8875,VNN2,58.89888322,1.035768327,0.26575981,3.897385109,9.72E-05,0.001166009
30811,HUNK,120.9526185,-0.635459772,0.163057814,-3.897143941,9.73E-05,0.001166453
100506731,FLRT2-AS1,40.80126948,-0.788074553,0.202233399,-3.896856594,9.74E-05,0.001166788
64094,SMOC2,222.1764233,0.626360853,0.160790126,3.895518151,9.80E-05,0.001172069
112267904,NA,3.762083827,-0.898172833,0.230811332,-3.891372334,9.97E-05,0.001189885
114928,GPRASP2,493.6267751,-0.581592894,0.149506148,-3.890093489,0.000100206,0.001194372
102723506,LOC102723506,36.66918975,1.163326496,0.299074018,3.889761152,0.000100343,0.00119481
10769,PLK2,1084.163022,-0.609151766,0.156613174,-3.889530821,0.000100438,0.001195266
2835,GPR12,252.0421289,-0.57747686,0.148473566,-3.889425417,0.000100482,0.001195266
79789,CLMN,2855.48539,0.564549116,0.145157209,3.889225495,0.000100565,0.001195652
2525,FUT3,6.307048098,-0.934587849,0.240414666,-3.88739949,0.000101324,0.001201082
5923,RASGRF1,1321.508546,-0.557049983,0.143306338,-3.887127323,0.000101438,0.001201221
107984909,LOC107984909,4.207818898,1.163561977,0.299420034,3.88605252,0.000101887,0.001203549
53632,PRKAG3,18.02282982,0.656200092,0.168859943,3.88606132,0.000101884,0.001203549
5618,PRLR,20.16231704,0.799365503,0.205682761,3.886400099,0.000101742,0.001203549
4826,NNAT,1498.149973,-0.643526068,0.165585415,-3.886369264,0.000101755,0.001203549
254439,C11orf86,2.881002733,1.385269065,0.356490594,3.885850259,0.000101972,0.001203953
79153,GDPD3,139.4502707,0.604789071,0.155837416,3.880897716,0.000104072,0.001224028
22861,NLRP1,213.293152,0.553962576,0.142813911,3.878911869,0.000104925,0.001232075
11251,PTGDR2,211.8448178,0.58957309,0.152012179,3.878459562,0.00010512,0.001233758
260293,CYP4X1,249.5932679,-0.576533145,0.148681118,-3.877648699,0.000105471,0.001237209
494470,ARK2C,413.2601136,-0.517118983,0.133368879,-3.877358688,0.000105597,0.001237517
100507341,SMIM18,28.51454282,-0.62502535,0.161212189,-3.877035318,0.000105737,0.001238552
107986788,NA,4.737464727,-0.837411713,0.216073801,-3.875581896,0.00010637,0.001242904
10990,LILRB5,42.55910732,0.634663378,0.16375847,3.875606431,0.000106359,0.001242904
105373538,LINC01885,10.70634712,-1.068568025,0.27581251,-3.874255104,0.000106951,0.001247853
2918,GRM8,100.6784724,-0.559238505,0.144405658,-3.872691094,0.00010764,0.001254828
114118903,ARHGAP11A-SCG5,1347.001398,-0.529106972,0.136630522,-3.872538611,0.000107708,0.001254828
254528,MEIOB,10.7972755,-0.544156956,0.140513146,-3.872640909,0.000107662,0.001254828
9340,GLP2R,117.172029,-0.755866664,0.19521451,-3.871979924,0.000107955,0.001257092
1187,CLCNKA,8.454433115,0.633363825,0.163613882,3.87108855,0.00010835,0.001260462
8793,TNFRSF10D,245.3678451,0.701444736,0.181199808,3.871111913,0.00010834,0.001260462
5774,PTPN3,324.1095993,-0.709479992,0.183310294,-3.870377254,0.000108667,0.001262909
4111,MAGEA12,9.384314371,0.744144014,0.19232422,3.869216344,0.000109186,0.001264643
105374527,PPARGC1A-AS1,12.91129437,-0.965746705,0.249877585,-3.864879303,0.000111144,0.001283534
23057,NMNAT2,2084.198161,-0.722411855,0.186926051,-3.864693291,0.000111229,0.001283888
9934,P2RY14,106.6064683,0.717754205,0.185871347,3.861564548,0.000112663,0.001297922
27098,CLUL1,65.28256938,-0.599339474,0.15524321,-3.860648555,0.000113086,0.001301535
107984317,LOC107984317,37.48747853,-0.745733477,0.193174364,-3.860416378,0.000113194,0.001302142
6850,SYK,382.5196681,0.531820195,0.137774754,3.860070008,0.000113355,0.001303358
2527,FUT5,5.529382821,-0.540097502,0.139948248,-3.859265915,0.000113728,0.001307021
5581,PRKCE,1340.006766,-0.662518138,0.171729257,-3.857922352,0.000114355,0.00131232
1441,CSF3R,572.2730246,0.58621344,0.15207114,3.854863198,0.000115794,0.001324998
4233,MET,380.6994699,-0.654637553,0.169849691,-3.854216912,0.000116101,0.00132531
100506020,ARAP1-AS2,41.43961475,0.627339882,0.162807024,3.85327283,0.000116549,0.001329794
26034,IPCEF1,1097.916354,-0.655235721,0.170091903,-3.852245213,0.00011704,0.001332669
4487,MSX1,399.6596151,0.598973235,0.155514329,3.851563,0.000117366,0.001333351
102724323,LOC102724323,6.550426368,0.835728184,0.217061552,3.850189842,0.000118026,0.001339091
5122,PCSK1,263.1183634,-1.127174966,0.292798837,-3.849656564,0.000118284,0.001340566
85416,ZIC5,156.4526662,0.522471935,0.135723988,3.849518013,0.00011835,0.001340685
2324,FLT4,184.9431982,0.560858419,0.145723173,3.848793634,0.000118701,0.001343199
23285,NA,941.2097145,-0.536348603,0.139472824,-3.845541999,0.000120286,0.001357385
100874055,LINC00570,3.926128251,-0.721849298,0.187715927,-3.845434479,0.000120339,0.001357385
28954,REM1,20.41134813,0.872851719,0.227040142,3.844481906,0.000120807,0.001360106
105376121,LOC105376121,22.4692767,-0.651696622,0.169528974,-3.844160708,0.000120966,0.001360672
105374235,LOC105374235,10.00112271,-1.216509212,0.316596807,-3.842455719,0.000121809,0.001368124
388799,FAM209B,7.357079281,-0.532827931,0.138723874,-3.840924528,0.000122572,0.001372793
107986004,NA,28.68415332,0.652637852,0.170036809,3.838215124,0.000123932,0.001384131
89857,KLHL6,119.6616404,0.879913056,0.229257706,3.838095881,0.000123992,0.001384131
161247,FITM1,24.32297783,0.670033699,0.174614683,3.837212815,0.000124439,0.001387161
400591,TMEM132E-DT,50.31647814,-0.800293394,0.20876375,-3.833488308,0.000126339,0.001399803
149628,PYHIN1,3.502873058,1.136007975,0.296401554,3.832665387,0.000126762,0.001402533
100129726,LINC01126,9.580246819,0.688501684,0.179715493,3.831064727,0.00012759,0.00140972
814,CAMK4,671.643327,-0.525554391,0.137195932,-3.830684934,0.000127787,0.001410195
107986782,LOC107986782,2.719918176,-0.831536503,0.217075145,-3.830638932,0.000127811,0.001410195
100132891,MSC-AS1,101.8665453,-0.593590351,0.154991979,-3.829813352,0.00012824,0.001414277
1006,CDH8,400.4143398,-0.664937821,0.173683231,-3.828451473,0.000128952,0.001420146
100506142,RHOQ-AS1,13.73505299,0.790661021,0.206586727,3.827259542,0.000129578,0.001425717
112268304,NA,7.179883361,0.838355981,0.21906148,3.827035134,0.000129696,0.001426356
6447,SCG5,1333.333185,-0.535963822,0.140143726,-3.824386852,0.000131098,0.001439109
105378675,LOC105378675,9.31044457,-0.554433028,0.145044583,-3.822500744,0.000132105,0.001448157
728158,LOC728158,27.03648604,0.547794931,0.14337292,3.820769849,0.000133036,0.001456343
64129,TINAGL1,671.999901,0.541365853,0.141787732,3.818143112,0.00013446,0.001466527
916,CD3E,11.21818199,0.963402298,0.252313143,3.818280273,0.000134385,0.001466527
257106,ARHGAP30,302.3780548,0.525466236,0.137646502,3.817505197,0.000134808,0.001469231
158798,AKAP14,12.42961083,-0.565352001,0.148096303,-3.817461942,0.000134832,0.001469231
105373592,LOC105373592,2.169278126,-1.068307704,0.280026837,-3.815019007,0.000136172,0.001481803
3577,CXCR1,29.17039063,1.228562722,0.322156731,3.813555957,0.000136981,0.001487881
9369,NRXN3,825.0797861,-0.623162717,0.163426099,-3.813116276,0.000137226,0.001489169
101926994,LOC101926994,5.630379333,0.665024855,0.174404357,3.813120654,0.000137223,0.001489169
190,NR0B1,36.83456636,0.539675177,0.141622134,3.81066971,0.000138591,0.001499875
654790,PCP4L1,258.068523,-0.740017683,0.19423351,-3.80993827,0.000139001,0.001503094
107984698,NA,16.52189979,-0.537043628,0.140963657,-3.809802049,0.000139078,0.001503094
27012,KCNV1,359.7031278,-0.871406576,0.228792361,-3.808722334,0.000139687,0.001508299
10381,TUBB3,3236.157262,-0.531062008,0.139463091,-3.80790361,0.00014015,0.001511235
80059,LRRTM4,207.2755899,-0.562865728,0.147849386,-3.807021067,0.000140651,0.001514073
140,ADORA3,421.0949152,0.55418323,0.14569773,3.803650409,0.000142579,0.001527039
388662,SLC6A17,2446.703133,-0.569383944,0.149725235,-3.802858913,0.000143036,0.00152917
4656,MYOG,3.01667443,-1.04999595,0.276227044,-3.801206188,0.000143993,0.001534393
107987269,LOC107987269,10.92338884,0.60415342,0.15901311,3.799393771,0.00014505,0.001541689
54332,GDAP1,1034.382239,-0.566180139,0.149039776,-3.798852587,0.000145368,0.001544367
6348,CCL3,19.78216809,-1.037656007,0.27337248,-3.795758835,0.000147193,0.001559571
85363,TRIM5,133.0823084,0.552629436,0.145601053,3.795504381,0.000147344,0.001560246
105372708,LOC105372708,6.607012043,0.647973895,0.170727108,3.795377908,0.000147419,0.001560246
107985303,LOC107985303,19.91638923,-0.557817962,0.14704677,-3.793473074,0.000148555,0.001568408
1016,CDH18,316.9036646,-0.765371883,0.201874528,-3.791324697,0.000149846,0.001579933
2155,F7,17.33945959,-0.663849016,0.175157311,-3.790016019,0.000150638,0.001585325
56944,OLFML3,191.4293952,0.576444816,0.152139001,3.788935207,0.000151294,0.001587836
768096,HAR1A,194.9728714,-0.574098997,0.151566305,-3.787774576,0.000152003,0.001592776
2213,FCGR2B,63.65139742,0.944325306,0.249320443,3.787596781,0.000152111,0.001593167
25849,PARM1,945.8823512,-0.7634904,0.201637591,-3.786448737,0.000152816,0.001598474
102724731,NA,148.4939709,0.690370767,0.182325065,3.786483051,0.000152795,0.001598474
101927954,LOC101927954,7.885440468,0.624793042,0.165042011,3.785660618,0.000153301,0.001599324
134265,AFAP1L1,131.6496192,0.51877825,0.137046109,3.785428515,0.000153444,0.001600114
112268259,NA,55.30898007,0.597443416,0.157839921,3.785122358,0.000153633,0.00160068
54551,MAGEL2,83.19873585,-0.596526009,0.157594571,-3.785193903,0.000153589,0.00160068
107985233,NA,2.375294803,1.358124684,0.359443765,3.778406567,0.000157835,0.001635138
54221,SNTG2,20.44184078,-0.584383503,0.154683324,-3.777934747,0.000158134,0.001636811
105370868,DIS3L-AS1,4.052000209,0.759089723,0.200992326,3.776709976,0.000158914,0.00164416
534,ATP6V1G2,3810.156621,-0.521417892,0.138071411,-3.776436314,0.000159088,0.001645251
8972,MGAM,47.8312205,0.7895394,0.209144035,3.775098828,0.000159944,0.001651946
401176,MARCHF11-DT,5.602649236,-0.841453218,0.222912655,-3.774811338,0.000160129,0.001653133
80086,TUBA4B,94.12139801,-0.605046487,0.160340214,-3.773516781,0.000160962,0.001660602
105369317,LINC02739,4.736852061,-0.726154127,0.192494958,-3.772328044,0.000161731,0.001666058
4208,MEF2C,3171.722277,-0.582361357,0.15440439,-3.77166321,0.000162163,0.001668372
26509,MYOF,423.0505452,0.633423626,0.16794304,3.771657493,0.000162167,0.001668372
100287387,LOC100287387,12.98155801,-0.735624287,0.195104493,-3.770411822,0.000162978,0.001671654
956,ENTPD3,228.1790402,-0.698109373,0.185193543,-3.769620477,0.000163496,0.001674483
442117,GALNTL6,39.77547143,-0.651067233,0.172709833,-3.769717216,0.000163433,0.001674483
101929340,ESAM-AS1,13.11250171,0.513800188,0.13629438,3.769782639,0.00016339,0.001674483
137970,UNC5D,280.8600612,-0.773258216,0.205342216,-3.76570503,0.00016608,0.001695413
112268024,NA,23.83801725,0.636559093,0.169049809,3.765512055,0.000166208,0.001695994
340602,EZHIP,15.88213853,0.609324795,0.161833252,3.765139648,0.000166456,0.001697794
101927042,LOC101927042,4.633835737,-0.792662172,0.21059301,-3.763952897,0.000167248,0.001704413
105372883,LINC02767,20.15415335,0.555388021,0.147563895,3.763712128,0.00016741,0.001704951
105369364,LINC02701,9.237624343,0.698067776,0.185500995,3.763148427,0.000167788,0.001706978
101929544,LINC02217,87.03519668,-0.588102074,0.156291063,-3.762864385,0.000167978,0.001707456
9615,GDA,1784.645794,-0.811329523,0.215612684,-3.762902571,0.000167953,0.001707456
158434,LOC158434,38.43140549,0.610119346,0.162157185,3.762518113,0.000168211,0.001709091
80333,KCNIP4,467.2484303,-0.581591545,0.154731668,-3.758710494,0.000170791,0.001730127
4582,MUC1,102.9547248,0.518632209,0.138046034,3.756951155,0.000171996,0.001740105
105376413,LOC105376413,4.769873466,0.88266826,0.234969253,3.756526655,0.000172288,0.001742316
728963,RPS15AP10,6.471202317,0.620017505,0.165066573,3.756166338,0.000172536,0.001743587
100500849,MIR3916,4.78004634,0.965127314,0.256951842,3.756063035,0.000172607,0.001743587
59353,TMEM35A,636.3722162,-0.553096139,0.147280722,-3.755387196,0.000173074,0.001746545
105370183,LINC00390,5.393138297,-1.030649422,0.274633516,-3.752817347,0.000174858,0.001760399
79740,ZBBX,86.07532089,-0.687120192,0.18310423,-3.752617792,0.000174998,0.001760723
169166,SNX31,17.35434503,0.869483581,0.231749945,3.75181785,0.000175557,0.001765604
100506527,LINC01007,126.8168471,-0.927301392,0.247465067,-3.747201182,0.000178819,0.00178781
3101,HK3,68.64424002,0.643854598,0.171852135,3.746561538,0.000179275,0.001790866
644297,FAM215B,34.26578154,0.525407467,0.140283672,3.745321611,0.000180163,0.001798978
5063,PAK3,1178.233183,-0.683366357,0.182466245,-3.74516588,0.000180275,0.001799338
29941,PKN3,228.7884031,0.554164528,0.147994574,3.744492203,0.000180759,0.00180213
57512,GPR158,549.0430336,-0.742436731,0.198285187,-3.744287421,0.000180906,0.001802615
107986554,NA,13.12560912,0.629125344,0.168051012,3.743656989,0.000181361,0.001805631
2302,FOXJ1,290.4346351,0.888395607,0.237305011,3.743686671,0.00018134,0.001805631
4176,MCM7,2474.564423,0.512775295,0.136997239,3.742960785,0.000181865,0.001809884
57091,CASS4,53.46296133,0.577479948,0.154321962,3.742046437,0.000182528,0.001814963
219621,CABCOCO1,71.18173199,-0.666618675,0.178223703,-3.740348019,0.000183766,0.001825743
57586,SYT13,1978.584292,-0.708836257,0.189559944,-3.739377862,0.000184476,0.001831272
105376744,LINC02766,9.637160168,0.77558761,0.207419564,3.739221097,0.000184591,0.001831649
2303,FOXC2,24.15493252,0.640776179,0.171436466,3.737688909,0.00018572,0.001840537
25859,PART1,286.4867453,-0.749416475,0.200676297,-3.73445438,0.000188123,0.001858923
266675,BEST4,27.92959581,-0.642456098,0.172224199,-3.730347433,0.000191216,0.001880561
100874296,KCNH1-IT1,18.0535127,-0.546788792,0.146663372,-3.728189158,0.000192861,0.001891635
1265,CNN2,204.5286073,0.606249598,0.162626701,3.727860147,0.000193112,0.001893267
151648,SGO1,29.20473755,0.799270599,0.214562582,3.725116427,0.000195225,0.001910257
107987254,NA,36.23003441,0.523940599,0.140713154,3.723465667,0.000196507,0.00191817
3251,HPRT1,703.3412449,-0.67211699,0.18051057,-3.723421799,0.000196541,0.00191817
1281,COL3A1,42.38528777,0.782517247,0.210235886,3.722091703,0.000197579,0.001925141
176,ACAN,98.76551601,0.639047332,0.171746858,3.720867685,0.000198539,0.001932009
105372003,LOC105372003,10.46917205,-0.612804242,0.164711572,-3.720468658,0.000198853,0.001932009
26266,SLC13A4,46.39420309,0.755377736,0.203047764,3.720197264,0.000199067,0.001933296
1997,ELF1,412.5865181,0.5236613,0.140831523,3.718352894,0.000200526,0.001941906
105378049,TAB2-AS1,117.0832472,0.87930238,0.236495185,3.718056157,0.000200762,0.001943396
6352,CCL5,27.63613778,0.778082379,0.209283917,3.717831697,0.00020094,0.00194433
100506563,LOC100506563,61.61875397,-0.541006805,0.145614773,-3.715329097,0.000202939,0.001960482
100996583,LOC100996583,6.144337229,0.811465567,0.218423459,3.715102631,0.000203121,0.001961441
101927802,LINC00368,5.100061686,-0.615371871,0.165768385,-3.712239047,0.000205434,0.001977342
107986558,TGILR,4.552558937,1.143944545,0.308229375,3.711341736,0.000206164,0.001982759
105370994,NA,26.7098637,-0.627683598,0.169147488,-3.710865626,0.000206552,0.001985689
105375324,LOC105375324,3.035887946,-1.139552621,0.307149292,-3.710093601,0.000207183,0.001990143
653641,GOLGA6C,8.162435376,-0.614887059,0.165775622,-3.709152481,0.000207954,0.001996747
105376959,LOC105376959,9.670432082,-0.638201514,0.1720967,-3.708389026,0.000208582,0.002001158
101927603,LOC101927603,31.53651256,0.621606605,0.167656972,3.707609631,0.000209225,0.002004896
105373690,NA,17.68195363,0.507458554,0.136984002,3.704509617,0.0002118,0.002023325
1794,DOCK2,282.4282811,0.622657026,0.16809201,3.704263082,0.000212006,0.002024199
4938,OAS1,209.9391492,0.566997935,0.153139294,3.702498041,0.000213487,0.002034249
101928335,LOC101928335,28.63106598,-0.681009912,0.184065688,-3.699819992,0.000215752,0.002054188
9242,MSC,118.9988104,-0.523415447,0.141593059,-3.696617985,0.000218491,0.002076099
102725068,MICB-DT,14.09631036,0.509502705,0.137942544,3.693586406,0.000221113,0.002097663
10962,MLLT11,2857.635399,-0.618093481,0.167351239,-3.693390538,0.000221284,0.002098442
2296,FOXC1,270.5259706,0.528273201,0.143067773,3.69246819,0.000222088,0.002104389
105378606,LOC105378606,17.89920517,0.755040522,0.204598488,3.690352409,0.000223944,0.00211859
154790,CLEC2L,430.1649705,-0.661077779,0.179221722,-3.688602975,0.000225489,0.002130663
101926975,LINC01844,7.556055242,-0.5855346,0.158754454,-3.688303451,0.000225754,0.002132324
166752,FREM3,20.89114646,-1.034103384,0.280484706,-3.686844102,0.000227052,0.002141179
15,AANAT,81.1735174,0.592034883,0.160588422,3.686659811,0.000227217,0.0021416
81832,NETO1,687.387953,-0.650201178,0.176435122,-3.685213989,0.000228511,0.002150661
10687,PNMA2,4181.629309,-0.637703968,0.173091788,-3.684195389,0.000229426,0.002156715
6510,SLC1A5,331.2250496,0.588930319,0.159880391,3.683568166,0.000229992,0.002161176
407738,TAFA1,269.4096305,-0.681539258,0.185115167,-3.681704043,0.00023168,0.002175322
57705,WDFY4,208.29135,0.555134989,0.150902787,3.678759013,0.000234372,0.002196251
105371485,RTN4RL1-AS1,11.23323197,-0.842371618,0.22910206,-3.676839998,0.000236141,0.002210217
6855,SYP,8981.37452,-0.656410979,0.178533628,-3.676679781,0.000236289,0.002210734
107985229,LINC02818,7.918631109,0.726512517,0.197731323,3.674240913,0.000238558,0.002225819
91894,C11orf52,9.522889888,0.634072225,0.172634068,3.672926383,0.000239789,0.002235549
9457,FHL5,143.9439603,0.797391589,0.217139252,3.672259075,0.000240416,0.002240517
4629,MYH11,712.0671442,0.678148748,0.184819918,3.669240605,0.000243272,0.002262697
6334,SCN8A,1651.525354,-0.608263423,0.165919216,-3.666021549,0.000246353,0.002285165
116437,LINC01257,2.638712158,-1.20837332,0.329801603,-3.66394011,0.000248365,0.002296315
28526,TRDC,21.80746643,-0.764099987,0.208561326,-3.663670553,0.000248627,0.002296315
649264,CES5AP1,6.279629995,-0.60309467,0.164682914,-3.662156898,0.000250101,0.002308135
105378779,NA,10.74304618,-0.636714204,0.173870324,-3.662006198,0.000250248,0.002308444
143630,UBQLNL,10.96638555,0.819054646,0.223738447,3.660768439,0.00025146,0.002316181
107986125,LINC02034,2.358142159,1.171134128,0.32006998,3.658993968,0.000253207,0.002328182
8797,TNFRSF10A,62.98059812,0.664037143,0.181499884,3.658609184,0.000253588,0.002329457
729220,FLJ45513,5.191825388,0.735880247,0.201180192,3.657816612,0.000254373,0.002331954
101927243,LOC101927243,2.803444604,1.082829081,0.29619435,3.655806003,0.000256375,0.00234273
284948,SH2D6,121.1782702,0.523409184,0.143278758,3.653082913,0.000259111,0.002361017
400745,SH2D5,830.58268,-0.58303988,0.159623293,-3.652598996,0.000259599,0.002363659
644189,ACOT4P1,10.15122358,-0.608709342,0.166677689,-3.652014524,0.000260191,0.002366749
6962,TRBV20OR9-2,3.891031167,-0.964128191,0.264105183,-3.650546268,0.000261683,0.002376875
105372383,LOC105372383,37.71551602,0.545509292,0.149448134,3.650157942,0.000262079,0.002378941
101927898,LOC101927898,4.072178222,0.706470409,0.193551473,3.650038924,0.000262201,0.002379135
4825,NKX6-1,12.94007518,0.824050152,0.225874182,3.648270669,0.000264011,0.002387359
654780,ADAD2-AS1,8.313788316,-0.68406229,0.187698813,-3.644467853,0.000267946,0.002416495
25816,TNFAIP8,48.42897332,0.536681682,0.147329182,3.642738488,0.000269753,0.002429105
105373553,LOC105373553,62.94175991,-0.531226156,0.145956409,-3.639621985,0.000273039,0.002454041
3500,IGHG1,30.71584846,1.449992264,0.398389851,3.639631534,0.000273028,0.002454041
731789,FAM238B,8.060453189,-0.666866234,0.18323883,-3.639328161,0.00027335,0.00245451
60675,PROK2,15.31198081,0.874516567,0.240400059,3.637755215,0.000275025,0.002466293
3557,IL1RN,9.247410972,-0.992916993,0.272960064,-3.637590715,0.0002752,0.002466937
55765,INAVA,65.64036658,0.526460105,0.144737716,3.63733875,0.00027547,0.002467488
4811,NID1,330.1794032,0.594904799,0.163616709,3.635966042,0.000276941,0.002475999
26157,GIMAP2,80.01460869,0.647744089,0.1781823,3.635288635,0.00027767,0.002479715
56675,NRIP3,720.0585436,-0.572548127,0.157496984,-3.635295822,0.000277662,0.002479715
127845,GOLT1A,32.94165597,-0.658664854,0.18120856,-3.634844041,0.000278149,0.002483061
4778,NFE2,25.34460899,0.731213096,0.201218118,3.633932694,0.000279134,0.002490917
111064647,CSNK2A2IP,4.279072664,-0.734052053,0.202108361,-3.631972722,0.000281263,0.002507092
131375,LYZL4,8.315868858,-0.627793627,0.172913239,-3.630685704,0.000282669,0.002517738
3006,H1-2,425.0107838,0.596457813,0.164301588,3.630262003,0.000283134,0.002519582
91607,SLFN11,257.9169101,0.533614939,0.147000094,3.630031273,0.000283387,0.002519582
9229,DLGAP1,1709.951722,-0.683781348,0.188422314,-3.628982859,0.00028454,0.002528713
147323,STARD6,2.983080875,-1.000468393,0.275800753,-3.627504214,0.000286174,0.002538486
107984338,NA,209.11156,0.582639941,0.16063674,3.627065272,0.000286661,0.002540906
793,CALB1,141.1741093,-0.878438221,0.242227929,-3.626494369,0.000287295,0.00254368
105371816,NA,21.40551933,0.79600761,0.219495821,3.626527404,0.000287258,0.00254368
1277,COL1A1,72.33530947,0.667590151,0.184112278,3.625994741,0.000287851,0.002547655
339529,LINC02774,22.7640191,-0.561178421,0.154945527,-3.621778774,0.000292584,0.002583769
79852,EPHX3,10.29048612,0.581146384,0.160504314,3.620752426,0.000293748,0.00259019
26047,CNTNAP2,1526.073217,-0.535586172,0.147936533,-3.620378009,0.000294173,0.002592979
107985594,NA,4.042247175,0.61194659,0.169047341,3.619971688,0.000294635,0.002595779
2294,FOXF1,182.968286,0.592031024,0.163554286,3.619783009,0.00029485,0.002596058
100190949,C5orf52,8.24340704,-0.80997906,0.223855777,-3.618307597,0.000296536,0.002608966
107986290,NA,7.543485189,0.628656647,0.17379616,3.617206766,0.000297799,0.002616207
51301,GCNT4,117.7523713,-0.638901415,0.176715486,-3.615424027,0.000299856,0.002626508
107986618,LINC02857,15.68530045,-0.727475256,0.201231489,-3.615116404,0.000300213,0.002627691
25830,SULT4A1,3070.031096,-0.647995925,0.179333879,-3.613349181,0.000302267,0.00264178
574407,OBSCN-AS1,38.02446281,-0.576005495,0.159431191,-3.612878334,0.000302817,0.00264561
3579,CXCR2,33.55881384,1.134839357,0.314169369,3.612189691,0.000303622,0.002651672
112268426,NA,78.94610965,0.753396684,0.208678899,3.610315601,0.000305825,0.002665027
9746,CLSTN3,2837.917231,-0.606067179,0.167882294,-3.61007206,0.000306112,0.002666553
6092,ROBO2,272.3748886,-0.796124914,0.220575958,-3.60930049,0.000307024,0.002671557
2257,FGF12,802.2008092,-0.613501837,0.170115788,-3.606378011,0.000310501,0.002692933
6000,RGS7,584.9687062,-0.667360843,0.18521732,-3.603123305,0.000314416,0.002722916
677799,SNORA11,4.520024414,0.671202559,0.186357351,3.601696178,0.000316148,0.002734239
121551,ABTB3,229.3869728,-0.570871532,0.158521631,-3.601221658,0.000316725,0.002736461
6283,S100A12,81.44444303,1.303133422,0.361999008,3.599825949,0.00031843,0.002746663
83656,FAM167A-AS1,20.97234867,0.578348168,0.160730175,3.59825507,0.000320359,0.00276061
105375384,LOC105375384,20.54865374,0.568078004,0.157917101,3.597317834,0.000321516,0.002766245
116441,TM4SF18,279.3531704,0.663199455,0.184457101,3.595412981,0.000323877,0.002779181
10788,IQGAP2,45.13221938,0.699886827,0.194738499,3.593982861,0.000325661,0.002791039
105377110,CFAP20DC-DT,7.54546687,-0.650351696,0.181016007,-3.592785568,0.000327162,0.002800623
613212,CTXN3,53.61715274,-0.884802293,0.246318746,-3.592102954,0.00032802,0.002803929
54541,DDIT4,3889.971918,0.542713312,0.151148426,3.590598495,0.00032992,0.002816112
105755954,ADGRD1-AS1,3.181043729,0.986480599,0.274728941,3.590741468,0.000329739,0.002816112
23467,NPTXR,7398.213241,-0.524401469,0.14610514,-3.589206153,0.000331686,0.002830177
105371580,LOC105371580,3.998578272,-0.678724874,0.189127669,-3.588712723,0.000332315,0.002834292
107987146,LOC107987146,5.621575951,-0.801885728,0.223473452,-3.588281837,0.000332864,0.00283717
2322,FLT3,26.11915516,-0.947614591,0.264133379,-3.587636648,0.000333689,0.002840959
51761,ATP8A2,932.3478258,-0.603908166,0.168344264,-3.587340309,0.000334068,0.002842332
449520,GGNBP1,5.090992755,-0.755435225,0.210666846,-3.58592365,0.000335887,0.002853527
143872,ARHGAP42,283.8968127,0.50065092,0.139618557,3.585847984,0.000335985,0.002853527
81533,ITFG1,1267.653095,-0.526755335,0.146902663,-3.585743938,0.000336119,0.002853645
404216,LINC01561,93.68409627,0.628955102,0.175445148,3.584910216,0.000337194,0.002859109
105371611,FMO1-AS1,3.758986048,0.787177813,0.219612488,3.584394588,0.000337861,0.002861575
101927402,AFTPH-DT,13.18957574,-0.530647737,0.148045012,-3.584367547,0.000337896,0.002861575
105377509,LOC105377509,5.748837715,-0.635851887,0.177387495,-3.58453613,0.000337678,0.002861575
64388,GREM2,97.59035333,-0.750019182,0.209256755,-3.584205346,0.000338106,0.002862334
1109,AKR1C4,21.9497401,0.513277284,0.143252313,3.583029632,0.000339632,0.002870139
100507534,LINC02192,18.75217856,-0.91865157,0.256470954,-3.581893208,0.000341113,0.002880606
54407,SLC38A2,3866.721938,0.525597449,0.146742042,3.581778222,0.000341263,0.00288085
25803,SPDEF,29.41446211,-0.626446255,0.174932081,-3.58108274,0.000342173,0.002887505
55603,TENT5A,118.8402292,0.552440517,0.154278951,3.580789946,0.000342557,0.002889716
5801,PTPRR,223.1484911,-0.786059163,0.219556616,-3.580211691,0.000343316,0.00289239
100507206,LINC00943,15.61629698,-0.731807972,0.204437907,-3.579609978,0.000344107,0.00289765
11309,SLCO2B1,2440.60319,0.57219225,0.159861378,3.57930262,0.000344512,0.002899005
137835,TMEM71,25.56634772,0.558387484,0.156012527,3.579119544,0.000344754,0.002900009
677779,LINC00488,5.012203252,-1.077185711,0.300974243,-3.578996331,0.000344916,0.002900349
284021,MILR1,139.8081938,0.509513999,0.142369564,3.578812678,0.000345159,0.002901361
105370624,LOC105370624,17.02952277,0.745866267,0.208424256,3.578596286,0.000345445,0.00290171
968,CD68,759.5925558,0.561067154,0.156796069,3.57832411,0.000345804,0.002901851
84553,FAXC,609.210491,-0.555564009,0.155268883,-3.578076926,0.000346132,0.002903374
105369714,LOC105369714,4.946821908,-0.604667397,0.169093933,-3.575926033,0.00034899,0.002923225
285231,FBXW12,7.277756776,-0.548848532,0.153611204,-3.572972003,0.000352953,0.002949237
84734,FAM167B,76.86103302,0.785294079,0.219831762,3.572250307,0.000353927,0.002956235
3240,HP,94.99678103,0.743989783,0.208304326,3.571648254,0.000354742,0.002961999
112267895,NA,7.359748104,0.947691563,0.265360337,3.57133841,0.000355162,0.002963423
105371314,NA,2.863277327,-0.809167595,0.226677252,-3.569690332,0.000357403,0.002980035
1142,CHRNB3,6.054872662,-0.708749049,0.198561468,-3.569418855,0.000357774,0.002981922
347853,TBX10,3.044249019,1.009918144,0.282975004,3.568930572,0.000358441,0.002985545
107984898,NA,11.85183956,-0.700526858,0.196411752,-3.566623951,0.00036161,0.003006665
5995,RGR,294.4921528,0.704704026,0.197609088,3.566151905,0.000362261,0.003009976
400553,LOC400553,4.806087842,-0.866971827,0.243202601,-3.56481313,0.000364116,0.003021154
646892,SH2D7,37.49400067,0.564252844,0.158316721,3.564076107,0.00036514,0.003025428
105372631,LOC105372631,42.12244541,0.765110449,0.214699535,3.563633474,0.000365757,0.00302948
2556,GABRA3,588.3464134,-0.561437718,0.157557365,-3.563386071,0.000366102,0.003031281
9899,SV2B,3935.710936,-0.669690865,0.187955204,-3.563034448,0.000366593,0.003032175
26050,SLITRK5,449.9400015,-0.542657243,0.152351464,-3.561877437,0.000368212,0.003039223
641518,LEF1-AS1,10.33590334,0.598285227,0.167983184,3.561578095,0.000368632,0.003040578
729658,PACRG-AS3,366.4279261,0.649919294,0.182511187,3.560983316,0.000369469,0.003044412
55190,NUDT11,414.2899219,-0.619901238,0.174081937,-3.560973932,0.000369482,0.003044412
5744,PTHLH,51.77432767,-0.587458515,0.165025337,-3.559807998,0.000371126,0.003054663
1735,DIO3,32.05583267,0.573839835,0.161203317,3.559727214,0.00037124,0.003054663
3684,ITGAM,369.8250394,0.540250835,0.151820121,3.558492975,0.000372989,0.003064804
105378231,LOC105378231,26.81896694,-0.704265452,0.19794706,-3.557847499,0.000373906,0.003070219
399833,SPRNP1,18.49190147,-0.622134034,0.174960929,-3.555845512,0.000376765,0.003091559
7345,UCHL1,12842.8131,-0.530973429,0.149424931,-3.553446039,0.000380219,0.00311452
10859,LILRB1,215.064572,0.516429629,0.145380573,3.552260247,0.000381937,0.00312526
10663,CXCR6,4.365946651,1.136097903,0.319852458,3.551943633,0.000382397,0.003125685
100316904,SAP25,443.0893075,0.583843991,0.164424534,3.550832562,0.000384015,0.003134465
102724360,HOMER3-AS1,14.32030721,0.555911885,0.156581321,3.550307793,0.000384781,0.003138899
105378256,LOC105378256,3.429447859,-1.081340744,0.304614443,-3.549866946,0.000385426,0.003142001
54440,SASH3,281.3760879,0.538482231,0.151746461,3.548565336,0.000387336,0.003152163
3681,ITGAD,8.543082478,0.582287104,0.164117966,3.547979035,0.000388199,0.003157025
400043,LINC02381,74.8729099,0.542847673,0.153009775,3.547797339,0.000388467,0.003158122
387751,GVINP1,24.05738992,0.709903184,0.200137313,3.547080609,0.000389525,0.003162398
57526,PCDH19,354.7852539,-0.571337842,0.161072333,-3.547088629,0.000389514,0.003162398
80320,SP6,6.915213499,-0.666267757,0.187852535,-3.546759472,0.00039,0.003165173
5864,RAB3A,3734.477147,-0.6320574,0.178301042,-3.544888989,0.000392778,0.003184455
340419,RSPO2,325.7131248,-0.685637053,0.193508087,-3.543195872,0.000395309,0.003199511
115265,DDIT4L,294.1204565,0.508685609,0.143585014,3.542748606,0.00039598,0.003202759
10365,KLF2,637.3272743,0.526541385,0.148621462,3.542835442,0.00039585,0.003202759
63974,NEUROD6,328.1802038,-0.869155465,0.245344273,-3.54259528,0.00039621,0.003203531
389073,C2orf80,397.0651027,-0.590347303,0.166655583,-3.542319389,0.000396625,0.003205793
102465454,MIR6758,10.69402632,0.622415118,0.17573745,3.541732967,0.000397508,0.003209651
3036,HAS1,49.40187225,-0.553094924,0.156193588,-3.541085986,0.000398484,0.003213164
26508,HEYL,346.7173132,0.540325663,0.152607697,3.540618684,0.00039919,0.003217767
1122,CHML,149.7254652,-0.629534159,0.177898727,-3.538722113,0.000402069,0.003233491
4905,NSF,4269.464109,-0.634172688,0.179231056,-3.538296884,0.000402717,0.003237408
285154,CYP1B1-AS1,21.15563077,-0.601161487,0.169987547,-3.536503096,0.000405462,0.003252869
6373,CXCL11,10.54527977,-1.108804416,0.313522672,-3.536600431,0.000405312,0.003252869
339666,LOC339666,14.26038812,0.666473659,0.188452487,3.536560698,0.000405373,0.003252869
9201,DCLK1,2394.571324,-0.647617313,0.183174161,-3.535527664,0.000406962,0.003260497
84968,PNMA6A,711.1236525,-0.548138014,0.155036726,-3.535536565,0.000406948,0.003260497
101927311,LINC02185,10.76761542,0.947648752,0.268195808,3.53342119,0.000410218,0.003278848
6503,SLA,505.0474656,0.511511775,0.144834964,3.531687093,0.000412918,0.003295987
54145,H2BC12L,15.59113654,0.520013694,0.147260223,3.531256997,0.00041359,0.003299103
51473,DCDC2,37.2402162,-0.54300485,0.153816861,-3.530203684,0.00041524,0.003308964
107984546,NA,5.333078961,0.69514648,0.197016534,3.528366211,0.000418133,0.003327556
83445,GSG1,20.94602325,-0.597696359,0.169432277,-3.527641662,0.000419279,0.003334157
728,C5AR1,201.8112464,0.718937833,0.203890579,3.52609638,0.000421733,0.003349475
654429,LRTM2,364.0140466,-0.634876276,0.180226331,-3.522661052,0.000427237,0.003381881
29881,NPC1L1,31.13095319,1.082593142,0.307366504,3.522157197,0.00042805,0.003386058
6697,SPR,538.359933,0.526670532,0.149541653,3.521898549,0.000428468,0.003388235
100289650,PSG8-AS1,111.693026,0.64743596,0.183960638,3.519426594,0.000432481,0.003415419
5961,PRPH2,159.4764556,-0.598368974,0.170080187,-3.518158012,0.000434554,0.003424902
196872,VESTAR,19.47924996,0.541894776,0.154094916,3.516629822,0.000437063,0.00344245
7532,YWHAG,9809.2249,-0.556251015,0.158208426,-3.515937995,0.000438203,0.00344738
105369957,LOC105369957,4.990782984,0.871845422,0.247972332,3.515897989,0.000438269,0.00344738
9495,AKAP5,375.6664894,-0.69699762,0.198240048,-3.515927413,0.000438221,0.00344738
102724334,LOC102724334,15.63337954,0.516445694,0.146901266,3.515597293,0.000438766,0.003450144
112268047,NA,7.236794226,0.554691363,0.157787959,3.515422636,0.000439055,0.003451272
8399,PLA2G10,5.886159389,-0.581653381,0.165483659,-3.514868993,0.000439971,0.003457331
107985079,LOC107985079,5.356650519,-0.920442028,0.261890929,-3.514600647,0.000440416,0.003458538
8111,GPR68,75.09450962,-0.525264138,0.14946333,-3.514334497,0.000440857,0.003459718
101927588,LOC101927588,2.287379874,-0.741054403,0.210893109,-3.513886289,0.000441602,0.003463387
101928080,LOC101928080,4.981544988,-0.807959826,0.229933977,-3.513877482,0.000441616,0.003463387
107985184,LOC107985184,7.005722859,0.695821222,0.19804789,3.513398805,0.000442413,0.003468048
57105,CYSLTR2,156.560368,0.579926228,0.165070141,3.513210957,0.000442726,0.003468652
339906,PRSS42P,4.806188258,0.775445559,0.220739987,3.512936501,0.000443183,0.003471092
257194,NEGR1,1296.678742,-0.594599175,0.169273746,-3.51264852,0.000443664,0.00347371
1378,CR1,72.83280853,0.751323229,0.213950646,3.511666087,0.000445307,0.003483132
4049,LTA,19.53655655,0.610653496,0.173927852,3.510958649,0.000446494,0.003490116
101927497,CDK6-AS1,2.626995274,-0.7627042,0.217332092,-3.50939519,0.000449127,0.003507236
2306,FOXD2,10.76801807,0.728897666,0.207719614,3.509045927,0.000449717,0.003510691
51764,GNG13,79.07409828,-0.627238902,0.178884488,-3.506390681,0.000454228,0.003531976
375686,SPATC1,11.44271967,0.5419446,0.154566121,3.506231491,0.0004545,0.003532932
100861514,ELMO1-AS1,35.02215612,0.611076806,0.174333744,3.505212435,0.000456243,0.003543196
7547,ZIC3,49.34743628,0.553802196,0.158006261,3.504938309,0.000456713,0.003545497
51334,PRR16,70.25360144,-0.504844627,0.144133647,-3.502614684,0.000460715,0.003571898
115827,RAB3C,1453.086748,-0.731028492,0.208787614,-3.501302015,0.000462991,0.003584859
79762,C1orf115,2516.732796,-0.516305124,0.147584297,-3.498374396,0.000468104,0.003617371
1520,CTSS,448.4775853,0.617505713,0.176524045,3.498139374,0.000468516,0.003619383
254295,PHYHD1,1077.738577,0.518673172,0.148343106,3.496442713,0.000471506,0.003636564
9840,TESPA1,1647.925531,-0.727499401,0.208077064,-3.496297892,0.000471762,0.003637358
100129917,PCGF3-AS1,61.18851098,0.589472255,0.168681579,3.494585819,0.000474798,0.003651699
101927069,LOC101927069,25.84276225,0.536891937,0.153661417,3.493993132,0.000475853,0.003655958
102724571,LNCTAM34A,9.303457181,0.552350604,0.158134222,3.49292263,0.000477765,0.003668166
283208,P4HA3,5.819816871,0.6437281,0.184448374,3.490017745,0.000482988,0.003700153
219293,ATAD3C,349.3797055,0.514124461,0.147414606,3.487608697,0.000487361,0.003729786
105372984,LOC105372984,6.998010053,0.704198656,0.202063631,3.485034162,0.000492074,0.003757083
332,BIRC5,19.60653053,0.606280414,0.174000944,3.4843513,0.000493332,0.003763356
100616284,MIR4489,5.675498231,0.655632635,0.188170798,3.484242208,0.000493533,0.003763682
11211,FZD10,32.62257184,0.520713748,0.149495241,3.483145984,0.000495558,0.003775491
3213,HOXB3,6.21325858,0.927343527,0.266244352,3.483054266,0.000495728,0.003775574
64174,DPEP2,59.36226565,0.526722059,0.151240378,3.482681444,0.000496419,0.003779624
4880,NPPC,31.11903028,-0.579786266,0.166499541,-3.48220939,0.000497295,0.003783868
105372522,LOC105372522,9.810402345,-0.725536346,0.208355178,-3.482209334,0.000497295,0.003783868
285796,PACRG-AS1,67.68022233,0.573066251,0.164617133,3.481206604,0.00049916,0.003796847
7504,XK,186.5280702,-0.648231131,0.186262336,-3.480205092,0.00050103,0.003808253
6039,RNASE6,191.1492755,0.543284352,0.156124955,3.479804691,0.000501779,0.003811887
5957,RCVRN,69.40727059,0.844698106,0.242903443,3.477505693,0.000506102,0.003837364
90246,LOC90246,19.78318721,0.589770599,0.169611928,3.477176441,0.000506724,0.003839949
100505994,LUCAT1,3.687340598,1.037267752,0.298329559,3.47691913,0.000507211,0.003842089
10288,LILRB2,65.56221603,0.534652141,0.153837778,3.475428129,0.000510039,0.003856132
5345,SERPINF2,135.1914148,0.547577897,0.157580532,3.474908289,0.000511028,0.003861155
107985820,CNTNAP5-DT,36.66096751,-0.630832256,0.181658803,-3.472621446,0.000515402,0.003882955
26223,FBXL21P,7.515996021,-0.956326205,0.275396317,-3.472545371,0.000515548,0.003882955
11332,ACOT7,2146.693583,-0.511877071,0.147422493,-3.47217756,0.000516255,0.003887047
126,ADH1C,7.396320981,0.780519081,0.224864679,3.471061286,0.000518406,0.003897689
1749,DLX5,32.56823822,-0.606880196,0.174841832,-3.471024011,0.000518478,0.003897689
284611,EEIG2,502.3198973,-0.508633732,0.146565352,-3.470354513,0.000519772,0.003904057
7035,TFPI,84.03730645,0.510183242,0.147037896,3.469739817,0.000520963,0.003907816
340533,NEXMIF,222.3440092,-0.539632644,0.155525959,-3.469727154,0.000520987,0.003907816
132884,EVC2,54.98003123,0.565630481,0.163064002,3.468763643,0.000522859,0.003919382
6857,SYT1,12045.88228,-0.748179839,0.215751694,-3.467781995,0.000524773,0.003932485
107986716,LOC107986716,8.906850029,-0.536959823,0.154891189,-3.466690573,0.000526908,0.003945997
159119,HSFY2,12.46684293,-0.503400412,0.145279049,-3.465058567,0.000530116,0.003965575
113277,TMEM106A,82.23524382,0.549245087,0.158518761,3.464858557,0.00053051,0.003966722
3645,INSRR,7.519994505,1.245958495,0.359657806,3.464288764,0.000531635,0.00397231
8735,MYH13,4.160430164,-0.672967548,0.194309759,-3.463374932,0.000533445,0.003982393
914,CD2,8.453567296,0.944073666,0.27270427,3.461895429,0.000536386,0.004003091
105369520,LOC105369520,3.169671673,-0.750660075,0.216884287,-3.461108616,0.000537956,0.004012288
9595,CYTIP,50.47692198,0.628068072,0.181475862,3.460890414,0.000538392,0.004014281
101928004,LOC101928004,5.746630072,0.787271171,0.227601162,3.458994515,0.000542196,0.0040368
400680,LINC00664,6.571021135,-0.635974094,0.18386271,-3.458961821,0.000542262,0.0040368
285780,LY86-AS1,146.0257738,-0.697326442,0.201697709,-3.457284896,0.000545648,0.00405819
28996,HIPK2,17257.55963,0.555966466,0.160822597,3.457017095,0.00054619,0.004060954
639,PRDM1,79.31345873,0.529385496,0.153186497,3.455823509,0.000548614,0.004073765
55106,SLFN12,50.38033638,0.555574296,0.160768233,3.455746738,0.000548771,0.004073765
3595,IL12RB2,63.44133915,-0.682544468,0.197626657,-3.453706491,0.000552939,0.004095604
2676,GFRA3,3.066446866,0.896497479,0.259581079,3.453631841,0.000553092,0.004095604
105376972,LOC105376972,5.245825062,-0.517772285,0.149943932,-3.45310596,0.000554171,0.00410104
100144604,LINC00930,39.48563129,0.732565229,0.212183163,3.452513477,0.00055539,0.004108777
6519,SLC3A1,2001.337426,-0.515564386,0.149433447,-3.450127114,0.000560323,0.004134969
2162,F13A1,292.888446,0.899392085,0.260787164,3.448759028,0.000563169,0.004149529
105369302,LOC105369302,32.91944284,-0.940937282,0.272882443,-3.448141518,0.000564458,0.004156449
7045,TGFBI,206.1366914,0.713650839,0.207014395,3.447348862,0.000566117,0.004165771
100506681,JARID2-AS1,2.524340882,-0.828334337,0.240285983,-3.447285305,0.00056625,0.004165771
107985217,NA,3.199962609,1.058240387,0.307036048,3.44663239,0.00056762,0.004171975
100130698,LOC100130698,4.795379869,-0.798142132,0.231585491,-3.446425461,0.000568055,0.00417388
150538,SATB2-AS1,24.99134444,-0.745301557,0.216297846,-3.445718809,0.000569543,0.004182221
105373857,LOC105373857,3.889401853,-0.824580859,0.239464555,-3.443435953,0.000574373,0.004206268
1012,CDH13,724.3994434,-0.557339148,0.16213586,-3.437482306,0.000587149,0.004277132
24141,LAMP5,1433.930758,-0.744461055,0.21656856,-3.437530609,0.000587044,0.004277132
23766,GABARAPL3,98.56419797,-0.539535736,0.157004319,-3.436438809,0.000589415,0.004288381
100128338,NA,15.50045582,-0.505906135,0.147236916,-3.436000631,0.00059037,0.004293401
100506791,LINC01511,23.51469292,-0.737356886,0.214656745,-3.435051084,0.000592442,0.004299866
5294,PIK3CG,75.03854626,0.575507275,0.167536676,3.435112172,0.000592309,0.004299866
10409,BASP1,6290.916621,-0.526263447,0.153244061,-3.43415231,0.00059441,0.004307569
653145,ANXA8,8.504729979,-0.550005681,0.160300208,-3.431097726,0.000601144,0.004352385
23546,SYNGR4,3.495277511,-0.711643013,0.207464953,-3.430184249,0.000603172,0.004364404
107986453,LOC107986453,12.6034447,0.60897509,0.177573087,3.429433486,0.000604843,0.004375164
161829,EXD1,8.384867715,-0.584873993,0.170584806,-3.428640613,0.000606612,0.004383959
84332,DYDC2,39.86426651,-0.742746049,0.216656892,-3.428213348,0.000607568,0.004388135
554313,H4C15,21.20988103,0.566029672,0.165165285,3.427049902,0.000610177,0.004401686
1438,CSF2RA,221.2456221,0.509268092,0.148616179,3.426733851,0.000610888,0.004404137
105377626,LOC105377626,7.90226565,0.639954331,0.186856579,3.424842373,0.000615156,0.004429629
2327,FMO2,57.94043593,0.595165805,0.173850487,3.423434781,0.000618351,0.004444551
200407,CREG2,1782.389938,-0.65324275,0.190815339,-3.423428926,0.000618364,0.004444551
83697,SLC4A9,38.7883411,0.544767482,0.159124796,3.423523514,0.000618149,0.004444551
242,ALOX12B,20.38206399,-0.693601051,0.202597313,-3.423545165,0.0006181,0.004444551
8745,ADAM23,1224.243499,-0.523356198,0.152903128,-3.422795896,0.000619806,0.004453567
107984791,LOC107984791,3.173931814,0.840332564,0.245619613,3.421276311,0.00062328,0.004474467
146167,SLC38A8,27.69266244,-0.650881519,0.190252895,-3.421138588,0.000623595,0.004475381
10279,PRSS16,35.50566461,-0.647796517,0.189427665,-3.419756646,0.000626772,0.004494103
646282,AZGP1P1,3.979402268,0.849587101,0.248442571,3.419651868,0.000627013,0.004494478
11075,STMN2,6630.671283,-0.653362066,0.191082954,-3.419258764,0.00062792,0.004499619
246,ALOX15,10.1897641,0.647598099,0.189437524,3.418531268,0.000629601,0.004506703
2670,GFAP,265061.0397,0.536622954,0.15697603,3.418502523,0.000629667,0.004506703
101060091,ACTR3-AS1,8.104667684,-0.629693209,0.184216171,-3.418229827,0.000630299,0.004509862
6854,SYN2,6133.104747,-0.653962547,0.191331556,-3.417954469,0.000630937,0.004513068
3386,ICAM4,3.728504535,0.76385061,0.223489944,3.417829891,0.000631225,0.004513775
1123,CHN1,15005.17479,-0.541688192,0.158523714,-3.417079858,0.000632967,0.004524867
105375097,LOC105375097,2.321643018,-0.953021362,0.278935356,-3.416638812,0.000633993,0.00453084
105370026,LOC105370026,3.730649783,-0.580004763,0.169779798,-3.416217775,0.000634974,0.004535123
100289341,MAN1B1-DT,75.04990935,-0.525592821,0.153865982,-3.415913082,0.000635685,0.004537472
6860,SYT4,1349.71876,-0.736963884,0.215816352,-3.414773147,0.000638352,0.004553766
8989,TRPA1,11.50441763,-0.583594208,0.170949376,-3.41384228,0.000640536,0.004565239
2596,GAP43,4819.819333,-0.566180102,0.165942247,-3.411910548,0.000645093,0.004590251
3394,IRF8,283.4316994,0.564368343,0.165413538,3.411863086,0.000645205,0.004590251
285386,TPRG1,9.383077611,0.538379784,0.157826627,3.411210094,0.000646752,0.004595753
441052,LOC441052,25.12570064,-0.614199379,0.180050592,-3.411259978,0.000646634,0.004595753
108783645,HFE-AS1,29.61160293,0.524654163,0.1538517,3.41012912,0.000649321,0.004605741
51557,LGSN,7.717078527,-0.540330887,0.15845653,-3.40996289,0.000649717,0.004605799
3049,HBQ1,39.01557751,-0.609435577,0.178789333,-3.408679732,0.000652781,0.004626135
4046,LSP1,143.2234572,0.536584452,0.157488039,3.407144167,0.000656464,0.004650854
2563,GABRD,1108.722452,-0.648738051,0.19042632,-3.406766724,0.000657373,0.004655901
107985411,LOC107985411,2.234024775,-0.868807863,0.255058134,-3.406313102,0.000658466,0.004659477
8334,H2AC6,183.1778293,0.579546019,0.170146056,3.406167812,0.000658817,0.004660569
400765,MIR137HG,43.70467862,-0.570558168,0.167545448,-3.405393434,0.000660688,0.004672415
3212,HOXB2,5.719675903,0.942277965,0.2767325,3.405013747,0.000661607,0.004676132
4747,NEFL,6700.603151,-0.757071159,0.222354749,-3.404789705,0.00066215,0.004678578
283209,PGM2L1,1419.256439,-0.685582007,0.201390253,-3.404246224,0.000663469,0.004682509
8370,H4C14,21.14126374,0.564002072,0.165683621,3.404090684,0.000663847,0.004683602
202559,KHDRBS2,135.2957687,-0.548796698,0.161326658,-3.40177318,0.000669502,0.004720693
11213,IRAK3,292.556191,0.596153212,0.175283082,3.401088139,0.000671182,0.004725526
29114,TAGLN3,5442.990245,-0.516910795,0.152015643,-3.400378968,0.000672925,0.004733228
107986829,LOC107986829,3.250602275,0.992322894,0.291832294,3.400318995,0.000673073,0.004733228
55010,PARPBP,10.25274693,-0.505347758,0.148696227,-3.398524408,0.000677504,0.004755943
112268054,NA,4.508558188,0.746250175,0.219611665,3.398044345,0.000678694,0.004758799
57126,CD177,58.27556544,1.12216851,0.330297998,3.397442659,0.000680188,0.00476733
945,CD33,73.56090773,0.502674485,0.14798969,3.396685836,0.000682072,0.00477531
171558,PTCRA,3.084485503,1.053557325,0.310304665,3.395235216,0.000685697,0.004793621
64409,GALNT17,1916.334425,-0.540623575,0.159271336,-3.39435575,0.000687903,0.004801996
51311,TLR8,26.85982771,0.942542752,0.277775363,3.39318341,0.000690854,0.004817856
728113,ANXA8L1,6.617606092,-0.605000673,0.17835771,-3.392063463,0.000693684,0.004833809
3291,HSD11B2,83.56147268,0.649808968,0.191594798,3.391579395,0.00069491,0.004839517
8858,PROZ,6.355143023,0.670636909,0.197805221,3.390390341,0.000697932,0.004856288
11249,NXPH2,40.99838678,-0.879260792,0.259500562,-3.388280877,0.000703322,0.004885209
3250,HPR,235.5105802,0.660570345,0.195011002,3.387349105,0.000705715,0.004897536
5274,SERPINI1,3034.092563,-0.517684544,0.152897548,-3.38582633,0.000709643,0.00491735
102724009,KIF1C-AS1,354.9342062,0.545480315,0.161117417,3.385607383,0.000710209,0.00491735
201140,DHRS7C,6.325549534,-0.757263222,0.22369908,-3.385187016,0.000711298,0.004923333
102724715,MYO1D-DT,9.965108104,-0.642631923,0.189900526,-3.384044979,0.000714263,0.004936665
8843,HCAR3,5.579668823,0.882006659,0.260648505,3.383893029,0.000714658,0.004937961
284600,LOC284600,8.054510183,0.569988641,0.168478275,3.383158104,0.000716574,0.004948316
9515,STXBP5L,622.676798,-0.661484993,0.19558043,-3.382163506,0.000719173,0.004957621
28231,SLCO4A1,1988.823566,0.628267289,0.185746905,3.382383625,0.000718597,0.004957621
392232,TRPA2P,3.466035638,-0.710649004,0.21017423,-3.381237575,0.000721601,0.004970607
79056,PRRG4,35.39440184,0.678917464,0.200794588,3.381154192,0.00072182,0.004970607
105373925,LOC105373925,5.698596328,0.58274746,0.172445235,3.379318996,0.000726656,0.004999051
1780,DYNC1I1,1387.636,-0.594542078,0.176040962,-3.377293951,0.000732028,0.005025815
84867,PTPN5,1866.612605,-0.551002766,0.163155522,-3.377162841,0.000732377,0.005026758
79887,PLBD1,73.06576794,0.555437638,0.164533221,3.37583885,0.00073591,0.005045179
9754,STARD8,433.6515212,0.54219694,0.160625994,3.375524267,0.000736752,0.005049493
109623469,SNORD175,3.995794494,0.696852057,0.206488295,3.374777531,0.000738754,0.005058985
101929204,LOC101929204,19.93673319,0.536480443,0.159022977,3.373603325,0.000741912,0.005076071
3788,KCNS2,122.3020963,-0.72734304,0.215742093,-3.371354326,0.000747996,0.005102999
148229,ATP8B3,16.05740468,0.51112745,0.151615825,3.371201195,0.000748412,0.00510437
6252,RTN1,10047.85237,-0.571681951,0.169608605,-3.370595207,0.00075006,0.005112675
2744,GLS,3843.819095,-0.508699255,0.150958016,-3.369806185,0.000752211,0.00511999
389641,TNFRSF10A-DT,7.242770869,0.63302443,0.187869433,3.369491357,0.000753071,0.005122907
100127888,SLCO4A1-AS1,155.2105886,0.732108816,0.217328668,3.368671159,0.000755315,0.005133764
102724087,LOC102724087,22.3281711,-0.527111543,0.156504755,-3.368022533,0.000757094,0.005141444
256714,MAP7D2,996.3078776,-0.598833409,0.177818105,-3.367674007,0.000758052,0.005146476
84913,ATOH8,769.1736675,0.503980487,0.149659807,3.367507265,0.00075851,0.005148118
344787,ZNF860,12.18567439,-0.606611003,0.180329535,-3.363902663,0.000768486,0.005203932
10815,CPLX1,3476.480028,-0.541718859,0.161032012,-3.36404453,0.000768091,0.005203932
786,CACNG1,8.551852379,-0.730549744,0.217169488,-3.36396126,0.000768323,0.005203932
926,CD8B,17.14065232,0.561949955,0.167086105,3.363235715,0.000770346,0.005212065
222865,TMEM130,5039.335346,-0.57584667,0.171214223,-3.363310953,0.000770136,0.005212065
105378644,LOC105378644,16.69013709,0.652464293,0.194070395,3.361998061,0.000773807,0.00522917
112543491,LOC112543491,7.977040963,0.577118178,0.171669832,3.361791467,0.000774386,0.005230462
7200,TRH,10.93083202,-0.645325377,0.192037043,-3.360421346,0.000778237,0.005248923
112268104,LOC112268104,5.986055763,-0.574852338,0.171061374,-3.360503451,0.000778006,0.005248923
27065,NSG1,940.8394178,-0.519236586,0.154525398,-3.360202225,0.000778854,0.005249343
84830,ADTRP,65.20467671,-0.590868333,0.175844845,-3.360168638,0.000778949,0.005249343
104326188,LINC01202,18.68330035,-0.837552048,0.249350966,-3.358928429,0.000782453,0.005267919
100506274,LOC100506274,15.53560655,-0.747083578,0.222544362,-3.357009685,0.000787904,0.005291673
100190938,RAMP2-AS1,69.62057552,0.539800508,0.160793473,3.357104602,0.000787633,0.005291673
105377397,LOC105377397,7.937412992,-0.752942958,0.224393765,-3.355454002,0.000792348,0.005310076
105375674,LINC03044,13.35418632,-0.558387281,0.166407252,-3.355546556,0.000792083,0.005310076
23529,CLCF1,26.4752534,0.500694617,0.149322204,3.353115635,0.000799073,0.005338302
112268253,NA,6.522016018,0.612680473,0.182753958,3.352488117,0.000800887,0.005348601
102724273,LOC102724273,8.045363391,0.575023704,0.171554857,3.351835759,0.000802776,0.005356728
100128653,LOC100128653,31.99246897,0.571129001,0.170425659,3.351191397,0.000804647,0.005366194
105371366,NA,212.6960179,0.646494245,0.192913254,3.351217352,0.000804571,0.005366194
9758,FRMPD4,455.1493573,-0.629242522,0.187780326,-3.3509502,0.000805348,0.005367302
203328,SUSD3,90.39224582,0.514201312,0.153553022,3.348688975,0.000811949,0.005402758
105375535,LOC105375535,7.9607219,0.59064966,0.176412843,3.348110311,0.000813646,0.00541102
29984,RHOD,52.47436141,0.612400648,0.182906177,3.348168214,0.000813476,0.00541102
105374497,LOC105374497,4.519163534,-0.917445125,0.274126902,-3.346789819,0.000817532,0.005432298
9046,DOK2,13.47123354,0.793382749,0.237184448,3.345003251,0.000822816,0.005456727
200232,FAM209A,4.005212693,-0.521079224,0.155840152,-3.343677586,0.000826758,0.00547675
55240,STEAP3,199.56082,0.521862075,0.15608094,3.343534933,0.000827183,0.005478039
1285,COL4A3,107.634363,0.570280594,0.170610958,3.342578942,0.000830037,0.005490821
440982,LOC440982,15.71017374,0.617378451,0.184766016,3.341406953,0.00083355,0.005509451
3171,FOXA3,2.388950583,1.129263082,0.338090986,3.34011591,0.000837434,0.005531824
11013,TMSB15A,8.258035588,0.503534732,0.150756644,3.340050028,0.000837633,0.005531824
284415,VSTM1,6.922846124,-0.598041593,0.179069808,-3.339712041,0.000838653,0.005537021
445328,ARHGEF35,7.568244945,0.622282955,0.186431435,3.337864959,0.000844248,0.005563827
1158,CKM,4.837672027,0.874743923,0.262190208,3.336295161,0.00084903,0.005584586
9317,PTER,1120.55215,-0.680976646,0.20417166,-3.335314241,0.000852031,0.005597341
100289574,HERC2P4,39.12020714,0.784141151,0.235101606,3.335328771,0.000851986,0.005597341
3071,NCKAP1L,464.6543289,0.503831037,0.151067616,3.335135959,0.000852577,0.005597835
100750326,HTT-AS,3.982436535,0.610167683,0.183053322,3.333278384,0.00085829,0.005626016
3067,HDC,2.346627563,-0.835524463,0.250672759,-3.333128285,0.000858753,0.0056275
285346,ZNF852,26.34819684,0.523437604,0.15707333,3.332441004,0.000860877,0.005628237
100113403,LIN28B-AS1,5.984633868,-0.605830794,0.181781646,-3.332739067,0.000859956,0.005628237
7432,VIP,126.5284441,-0.542497717,0.162798547,-3.332325302,0.000861235,0.005628237
106635525,SNORA92,23.5805007,0.523243502,0.157000937,3.332741281,0.000859949,0.005628237
2554,GABRA1,1103.912871,-0.84713487,0.254224458,-3.332231986,0.000861524,0.005628577
4879,NPPB,2.981897138,-0.850222197,0.255159557,-3.332119733,0.000861872,0.005629299
55359,STYK1,103.827729,-0.813134156,0.244055952,-3.331753022,0.000863008,0.005635172
10740,RFPL1S,665.0912571,-0.595785304,0.178881384,-3.330616583,0.000866539,0.005653564
400221,LINC03033,2.869283113,0.843817029,0.253360573,3.330498585,0.000866906,0.005654408
407043,MIR7-1,12.22650951,0.550011709,0.165189869,3.329572883,0.000869793,0.00567168
102723393,LOC102723393,4.577248463,0.716406283,0.215187024,3.329226215,0.000870876,0.005677187
101929279,LOC101929279,5.896889968,-0.716190913,0.215281072,-3.326771397,0.000878584,0.005722722
388394,RPRML,240.4233352,-0.628635248,0.189040367,-3.325402185,0.000882911,0.005744603
871,SERPINH1,1171.348748,0.822674637,0.247446592,3.324655359,0.000885279,0.005758434
157376,FER1L6-AS2,14.63055452,-0.675087903,0.203098624,-3.32394129,0.000887549,0.00576846
359809,PEG13,332.5909224,-0.525253149,0.1581181,-3.321904007,0.000894054,0.005799635
105378447,LOC105378447,4.404483639,0.658721469,0.198330335,3.321334925,0.00089588,0.0058063
4060,LUM,24.21066801,0.602379966,0.181374043,3.321202727,0.000896304,0.0058063
4318,MMP9,46.68315858,0.952868258,0.286899196,3.321265003,0.000896104,0.0058063
2335,FN1,2469.33665,0.52237294,0.157330073,3.320235783,0.000899415,0.005823274
100505909,LOC100505909,3.63011436,-0.589082244,0.177429118,-3.320099043,0.000899855,0.005824539
84107,ZIC4,105.676061,0.528290035,0.159122894,3.320012747,0.000900133,0.005824753
105372275,NA,6.143719979,0.520623863,0.156835542,3.319552812,0.000901617,0.005830362
105376341,NA,5.333146892,-0.652189723,0.196569727,-3.317854354,0.000907118,0.005858777
4745,NELL1,364.1784964,-0.718999873,0.216742879,-3.317294096,0.000908939,0.005867348
963,CD53,656.0663596,0.51336981,0.154891481,3.314383775,0.000918454,0.005915907
400932,LINC00898,4.689376724,-1.247473917,0.376412627,-3.314112832,0.000919344,0.005920037
102723544,LOC102723544,3.511982908,1.129466402,0.340822757,3.313940687,0.00091991,0.005922078
9626,GUCA1C,3.347427887,-1.729576318,0.522091547,-3.312783605,0.000923724,0.00594341
165679,SPTSSB,126.3844395,-0.663507348,0.200298619,-3.312590729,0.000924361,0.005945899
729305,LINC02714,33.6696525,-0.74382161,0.224551276,-3.312479999,0.000924727,0.005946643
4556,MT-TE,5805.129658,0.874984759,0.264167097,3.312239748,0.000925522,0.005950142
6327,SCN2B,1755.163045,-0.516922971,0.156136918,-3.31070306,0.000930619,0.005973211
344967,LOC344967,45.02934676,-0.568751358,0.17182373,-3.310086211,0.000932672,0.005983158
4978,OPCML,1937.221571,-0.516229216,0.155967929,-3.309842087,0.000933486,0.005983992
83650,SLC35G5,4.448279886,0.625577838,0.189118995,3.307853012,0.000940141,0.006014829
93426,SYCE1,280.7954739,-0.585094208,0.17695189,-3.306515741,0.00094464,0.006041985
523,ATP6V1A,2381.07977,-0.577845768,0.174819067,-3.305393269,0.000948432,0.006061342
158511,CSAG1,28.51777524,0.547990999,0.165995875,3.301232624,0.00096261,0.006128869
284185,LINC00482,26.88700823,0.563907475,0.170827391,3.301036626,0.000963283,0.006131508
105374777,LOC105374777,3.87342838,-0.664291799,0.201246216,-3.300890876,0.000963784,0.006133051
1462,VCAN,2296.442334,0.525477025,0.159302099,3.298619587,0.000971615,0.006171313
2567,GABRG3,189.2129524,-0.53704333,0.162851532,-3.297748103,0.000974635,0.006182233
105369319,LINC02705,8.495752223,0.968540613,0.293729417,3.297390584,0.000975877,0.006186804
105373273,LOC105373273,58.06932493,0.544084924,0.165051878,3.296447935,0.000979158,0.006202637
654816,NCF1B,56.41304669,0.503901474,0.152889929,3.295844787,0.000981262,0.006214311
51807,TUBA8,598.5379592,-0.554195047,0.16838193,-3.291297632,0.000997263,0.006290492
347549,CENPVL3,18.79725802,-0.54496426,0.165603873,-3.290770016,0.000999136,0.006298956
3887,KRT81,19.92074554,-0.654336495,0.198938867,-3.28913352,0.001004963,0.006330656
119395,CALHM3,3.419207474,-0.627273475,0.190729137,-3.288818299,0.00100609,0.00633607
103689918,LINC01378,2.181827144,-1.166440087,0.354741226,-3.288143589,0.001008504,0.00634673
105370205,LOC105370205,4.869326087,0.635381163,0.193280147,3.28735865,0.001011319,0.006355527
105371745,CCL5-AS1,25.83571382,0.696075704,0.211766346,3.286998699,0.001012613,0.006358464
2043,EPHA4,1105.397492,-0.588245365,0.17906001,-3.28518559,0.001019152,0.006389538
27287,VENTX,71.57263272,0.50463323,0.153654604,3.284205073,0.001022705,0.00640439
5100,PCDH8,242.1671052,-0.845237648,0.257373825,-3.284085511,0.001023139,0.00640439
101927511,LOC101927511,11.94384463,0.577226906,0.175792773,3.283564481,0.001025032,0.006412861
7762,ZNF215,18.42201922,-0.573621561,0.17470403,-3.283390551,0.001025665,0.00641513
5288,PIK3C2G,3.36865574,-0.903713088,0.27531071,-3.282520637,0.001028835,0.006428603
100507747,C13orf46,13.65638537,0.540816776,0.16476119,3.282428206,0.001029172,0.006428603
23072,HECW1,521.1882266,-0.560452414,0.170752329,-3.282253398,0.00102981,0.006430899
107985362,LOC107985362,2.528536583,-0.877802122,0.267480043,-3.281748093,0.001031657,0.006434058
3689,ITGB2,1055.08329,0.60119341,0.183177251,3.282030968,0.001030623,0.006434058
1805,DPT,17.20504269,-0.508347574,0.155063264,-3.278323706,0.001044256,0.006499234
3747,KCNC2,1026.665163,-0.65564258,0.200027309,-3.277765334,0.001046323,0.006506653
5874,RAB27B,335.275589,-0.819899884,0.250333485,-3.275230575,0.001055758,0.006546469
105379326,NA,89.8830265,0.588280611,0.179798723,3.27188426,0.001068333,0.006608919
102465693,MIR7158,3.188789126,0.749696975,0.22921244,3.270751689,0.00107262,0.006630263
105375726,MAL2-AS1,20.19107067,-0.816188549,0.249581529,-3.270228173,0.001074608,0.006640818
3310,HSPA6,466.2741758,1.105210949,0.338120521,3.268689361,0.001080469,0.006663867
152110,NEK10,98.13334364,-0.531706522,0.16265806,-3.268860596,0.001079815,0.006663867
6616,SNAP25,20467.5346,-0.717481606,0.219482775,-3.268965433,0.001079415,0.006663867
5136,PDE1A,1076.66007,-0.539228453,0.165042236,-3.267214897,0.001086112,0.006687186
102723753,LOC102723753,120.7247498,0.721572264,0.220864831,3.267031073,0.001086818,0.006688144
101927943,SETBP1-DT,13.89346364,-0.501294597,0.153443284,-3.266969936,0.001087052,0.006688144
101928358,IRS4-AS1,32.0792621,0.598719769,0.183288149,3.266549265,0.001088669,0.006693679
112268127,LOC112268127,14.45453785,0.852133093,0.261003436,3.264834767,0.001095279,0.006721355
8876,VNN1,15.81951582,0.916604828,0.280757332,3.2647583,0.001095575,0.006721433
79541,OR2A4,3.552240092,0.709514676,0.217413379,3.263436124,0.0011007,0.006745905
105375022,LINC03223,17.64137901,0.621489551,0.190503233,3.262356981,0.001104899,0.006769894
54704,PDP1,1119.117794,-0.621029508,0.19036941,-3.262233724,0.00110538,0.006771092
3358,HTR2C,66.37522053,-0.901226376,0.276327864,-3.261438655,0.001108484,0.006779619
8507,ENC1,13177.4002,-0.711256411,0.2181011,-3.261131702,0.001109685,0.006781097
55273,TMEM100,145.7934874,0.565980228,0.173548068,3.261230359,0.001109299,0.006781097
90161,HS6ST2,145.2047437,-0.55875788,0.17148778,-3.258295609,0.001120836,0.006834049
10749,KIF1C,15318.92715,0.521706437,0.160246181,3.255655988,0.001131307,0.006880956
441061,MARCHF11,49.69325253,-0.521401759,0.160187338,-3.25494989,0.001134124,0.006893836
101669762,BLACAT1,26.65075248,-0.516607558,0.158924942,-3.250638639,0.001151461,0.006977796
4168,MCF2,424.085118,-0.94924156,0.292140055,-3.249268778,0.001157021,0.007004341
10875,FGL2,233.985084,0.63772817,0.196408482,3.246948209,0.001166496,0.007056307
105375751,LOC105375751,5.074542568,0.69157899,0.213021147,3.246527406,0.001168222,0.00706306
9331,B4GALT6,426.7465793,-0.509904804,0.157268094,-3.24226478,0.001185838,0.00714964
101927786,LOC101927786,5.353203517,-0.753719377,0.232539689,-3.241250476,0.001190066,0.00715953
253152,EPHX4,145.8679102,-0.56679003,0.174903136,-3.240593861,0.00119281,0.007166212
81704,DOCK8,333.4180827,0.66071846,0.203919259,3.240098383,0.001194885,0.007174192
9581,PREPL,3104.131508,-0.517452186,0.159801221,-3.238099075,0.00120329,0.007207301
145581,LRFN5,411.8178677,-0.58289915,0.180072686,-3.237021462,0.001207843,0.007227284
105376548,LOC105376548,11.84446398,-0.81712818,0.252457112,-3.236700971,0.0012092,0.007233583
112267960,KCNQ5-DT,12.81433686,-0.839572094,0.259603171,-3.234059469,0.00122044,0.007284312
105378756,FGGY-DT,23.35974212,-0.550444669,0.170270238,-3.232770899,0.001225958,0.007306974
644070,GSG1L2,1.745489705,-1.141111309,0.352969941,-3.232885226,0.001225468,0.007306974
107984689,NA,4.599838471,0.715801214,0.22144397,3.232425859,0.00122744,0.007313226
64150,DIO3OS,146.103548,0.568772478,0.17618703,3.228231253,0.001245582,0.007395353
57172,CAMK1G,988.3199794,-0.540967845,0.16758717,-3.227978869,0.001246682,0.007396335
100653515,CEP295NL,5.833612791,0.741196009,0.2296504,3.227497136,0.001248783,0.007405918
100128253,LOC100128253,19.43581098,-0.569560255,0.176498093,-3.227005161,0.001250932,0.007412295
54829,ASPN,11.93013905,0.668069898,0.207062045,3.226423738,0.001253476,0.007423088
768097,HAR1B,27.62074996,-0.544336552,0.168711126,-3.226441336,0.001253399,0.007423088
785,CACNB4,592.4892788,-0.566610078,0.175624025,-3.226267461,0.001254161,0.00742402
3311,HSPA7,276.5939922,0.850235442,0.263554022,3.226038576,0.001255164,0.007428109
101928701,NA,22.93160793,-0.639515912,0.19829287,-3.225107951,0.001259252,0.007444947
107985054,NA,6.250279649,-0.577965923,0.179225449,-3.224798303,0.001260614,0.007447526
387700,SLC16A12,21.64007308,0.868560738,0.269391425,3.224158819,0.001263433,0.007457051
8740,TNFSF14,21.97743131,0.747635236,0.231930415,3.223532529,0.001266199,0.007467369
3111,HLA-DOA,245.8496649,0.55400876,0.171908494,3.222695666,0.001269904,0.007479933
57718,PPP4R4,357.9613129,-0.534277164,0.165785222,-3.222706803,0.001269855,0.007479933
105369543,LOC105369543,12.7578367,-0.914229853,0.283739854,-3.222070637,0.001272678,0.007490698
101928322,CELF2-DT,24.71304289,-0.560314102,0.173910448,-3.221854169,0.001273639,0.007490791
10693,CCT6B,43.72595494,-0.554396377,0.17209187,-3.22151405,0.001275152,0.007497831
125,ADH1B,124.0737287,0.629520658,0.195507844,3.219925324,0.00128224,0.007530037
5218,CDK14,1232.072036,-0.508629745,0.157971561,-3.219755131,0.001283001,0.007530037
107984642,LOC107984642,5.531683227,-0.900216758,0.279594863,-3.219718518,0.001283165,0.007530037
780852,SNORD3B-2,10.31924028,-0.739254595,0.229646437,-3.219098911,0.001285941,0.007538878
3820,KLRB1,4.418018822,0.853856122,0.265296277,3.21850021,0.001288629,0.007549045
51330,TNFRSF12A,101.4943155,0.542355199,0.168561826,3.217544629,0.001292929,0.007566773
3109,HLA-DMB,478.2285877,0.51581025,0.160364394,3.216488635,0.001297697,0.007586673
105370753,LOC105370753,14.43286646,0.544477192,0.169279561,3.216437886,0.001297926,0.007586673
27328,PCDH11X,106.3151131,-0.52567457,0.163442622,-3.216263695,0.001298714,0.007589412
6999,TDO2,11.70687694,-0.82968966,0.258006761,-3.215767131,0.001300964,0.007595082
105374320,LOC105374320,2.917796182,-1.408453687,0.437998818,-3.215656366,0.001301466,0.007596147
105373805,STAT4-AS1,29.30949713,-0.639548752,0.198980945,-3.21412059,0.001308447,0.007621913
101927351,LINC02302,3.315983917,-0.744569826,0.231661853,-3.21403725,0.001308827,0.007622256
5996,RGS1,762.0874874,1.003669115,0.312301173,3.213785926,0.001309973,0.007624529
2254,FGF9,110.6388467,-0.617169535,0.19203338,-3.213865916,0.001309608,0.007624529
105373105,LINC02968,6.46316542,0.737485225,0.229495013,3.213513077,0.001311218,0.007628702
3175,ONECUT1,5.685803434,0.752829642,0.234466103,3.210825076,0.001323545,0.007679728
54502,RBM47,73.55327188,0.567751513,0.176830193,3.210715912,0.001324048,0.007680769
109729161,LNCSRLR,2.874573517,1.036904439,0.32301674,3.210064093,0.001327054,0.007691919
1607,DGKB,449.8381377,-0.640019582,0.199390615,-3.209878169,0.001327912,0.007691919
107986924,LOC107986924,43.79432815,-0.725465403,0.226218996,-3.206916375,0.00134166,0.007754533
114569,MAL2,552.652385,-0.727904206,0.22699194,-3.206740327,0.001342481,0.007757392
105374966,LOC105374966,40.82663384,-0.655747607,0.204579571,-3.205342572,0.001349018,0.007786535
285638,LOC285638,10.67695757,0.523906547,0.163482041,3.204673401,0.001352158,0.007801923
104310351,LINC01331,5.682965056,-0.840899855,0.262407711,-3.204554666,0.001352716,0.007803246
146,ADRA1D,36.16874064,-0.593180938,0.185169587,-3.203446896,0.001357931,0.007831427
154822,LINC00689,8.547977009,0.54314449,0.1695656,3.203152581,0.001359319,0.00783718
105374116,LOC105374116,17.99610025,0.654683566,0.2044012,3.202934066,0.001360351,0.007837774
339345,NANOS2,6.168163147,0.892423996,0.278730876,3.201740717,0.001365999,0.007858877
101929705,SCIRT,21.18981529,-0.5198632,0.162381429,-3.201494169,0.001367168,0.007863007
107984745,NA,3.302227974,0.993285298,0.310753662,3.1963752,0.00139166,0.007979456
1379,CR1L,4.140927854,0.900210107,0.28167057,3.19596792,0.001393626,0.0079888
105375902,NA,5.47690247,-0.561514917,0.175717748,-3.195550381,0.001395644,0.007998438
105375435,LOC105375435,2.832420592,0.983288975,0.307744147,3.195150851,0.001397578,0.008007588
128229,TSACC,12.23053398,0.507311343,0.158910209,3.192440228,0.001410761,0.008069501
402573,SPACDR,290.758703,0.701351264,0.219770323,3.19129196,0.001416381,0.008089955
6326,SCN2A,1765.658428,-0.646569792,0.202896458,-3.186698275,0.001439068,0.008197857
54443,ANLN,4739.373225,0.574276469,0.180242559,3.186131354,0.001441891,0.008206247
164781,DAW1,30.92324339,-0.665971157,0.209041236,-3.185836296,0.001443362,0.008211458
8807,IL18RAP,21.88042784,0.761752879,0.239125138,3.185582597,0.001444629,0.008213775
102724046,LOC102724046,95.74037173,0.713738391,0.224144761,3.184274258,0.001451174,0.008239161
780854,SNORD3D,10.24029989,-0.731552034,0.229973058,-3.181033635,0.001467506,0.008315983
101927646,LINC03082,104.1777054,0.634565708,0.199494151,3.180873755,0.001468316,0.008316606
3903,LAIR1,555.5342063,0.511981015,0.160953506,3.180924898,0.001468057,0.008316606
338917,VSX2,2.483007068,-0.772763826,0.242960311,-3.180617536,0.001469615,0.008321567
5099,PCDH7,822.1427857,-0.508572144,0.160005895,-3.178458792,0.001480603,0.008360284
387129,NPSR1,1.872097467,-1.116095488,0.351259586,-3.177409338,0.001485971,0.00838462
83873,GPR61,71.53644374,-0.523803413,0.164967723,-3.175187257,0.001497398,0.008417108
155,ADRB3,7.15851131,-0.672749777,0.212122413,-3.171516705,0.001516451,0.008488055
101954272,RNVU1-3,3.519699766,0.631694639,0.19918344,3.171421467,0.001516949,0.00848818
105375519,LINC03060,8.38741812,-0.503026916,0.15861474,-3.171375591,0.001517188,0.00848818
26059,ERC2,680.862935,-0.541092839,0.170645115,-3.170866259,0.001519851,0.008500167
147646,C19orf84,4.164521136,0.959201753,0.302819561,3.167568669,0.001537194,0.008572386
79931,TNIP3,8.15868696,-0.639706388,0.202008749,-3.16672615,0.001541654,0.008590663
140767,NRSN1,1176.889909,-0.509360822,0.160867748,-3.166332764,0.001543741,0.008598256
107985902,NA,21.96161753,-0.731441507,0.231102805,-3.16500488,0.001550804,0.008625459
101928284,PDE9A-AS1,5.33550478,0.67167606,0.212317235,3.163549394,0.001558579,0.008656545
158038,LINGO2,210.3207354,-0.614031293,0.194120335,-3.163147706,0.001560731,0.008656679
3479,IGF1,37.31622178,-0.576609328,0.182277424,-3.163361191,0.001559587,0.008656679
26070,MYRF-AS1,10.29334683,0.733565206,0.231932866,3.162834217,0.001562413,0.008659616
124,ADH1A,8.341135832,0.711623099,0.22510833,3.161247288,0.001570951,0.008697396
100873924,HLX-AS1,3.558919246,0.640284237,0.202550943,3.161102233,0.001571733,0.008699097
54715,RBFOX1,1890.803338,-0.627513343,0.198532187,-3.160763761,0.001573561,0.008706524
105373285,LOC105373285,3.805402839,-0.621911038,0.196985573,-3.157140034,0.001593248,0.008797678
79025,FNDC11,9.00420213,0.655151967,0.207606324,3.155741855,0.001600905,0.008825596
2828,GPR4,465.6221482,0.595144222,0.188596102,3.155654937,0.001601382,0.008825615
105378598,LOC105378598,14.07326588,0.804037712,0.254824521,3.155260363,0.001603549,0.008831977
9118,INA,2689.115201,-0.593812797,0.188305049,-3.153461905,0.001613463,0.008878344
5858,PZP,158.758002,0.536249905,0.17005554,3.153380981,0.00161391,0.008878749
4142,MAS1,106.7280884,-0.869375398,0.275752351,-3.15273975,0.001617459,0.008894155
266722,HS6ST3,680.7893811,-0.569223955,0.180584966,-3.152111544,0.001620943,0.008909188
105374570,LOC105374570,9.552322181,0.691537048,0.219408853,3.151819259,0.001622567,0.008916047
3305,HSPA1L,576.059107,0.712391281,0.226083284,3.151012621,0.001627055,0.008933023
474344,GIMAP6,316.8426356,0.573115096,0.181883924,3.150993677,0.00162716,0.008933023
55655,NLRP2,68.68715881,-0.750107591,0.238154418,-3.149669016,0.001634555,0.008969877
719,C3AR1,425.3719938,0.550785262,0.175007281,3.147213419,0.001648346,0.009032632
26154,ABCA12,9.16317411,-0.553202813,0.175797659,-3.146815593,0.00165059,0.009038675
105375369,LOC105375369,2.860645693,-1.024815985,0.325765119,-3.145873898,0.001655914,0.009057387
107985290,NA,24.61002272,0.531878973,0.169091531,3.145509248,0.00165798,0.009066598
145814,PGPEP1L,8.711063581,-0.525195309,0.166989463,-3.145080524,0.001660411,0.009077806
105375114,LOC105375114,4.038656414,0.76914663,0.244742746,3.142673859,0.001674123,0.009138047
147945,NLRP4,8.771924631,1.200430407,0.382043031,3.142134023,0.001677212,0.009148607
94160,ABCC12,59.62854199,-0.546061997,0.173948476,-3.139216906,0.001694,0.009218246
27198,HCAR1,12.24841304,0.506084921,0.161250304,3.138505225,0.001698119,0.009235496
105377068,LINC02009,79.07173286,-0.640542213,0.204106329,-3.138277071,0.001699442,0.009236808
55350,VNN3P,3.358343573,1.088151795,0.346738505,3.138249083,0.001699604,0.009236808
3315,HSPB1,10271.02137,0.755222665,0.240688563,3.137758834,0.001702449,0.009245924
107985323,LOC107985323,127.9177939,0.779407219,0.248567899,3.135590805,0.001715083,0.009296983
1842,ECM2,111.7089417,0.724285513,0.230992176,3.135541327,0.001715373,0.009296983
389384,BNIP5,3.693894643,-0.722986438,0.230905169,-3.131096805,0.001741547,0.009398105
731220,RFX8,13.46662777,-0.622504531,0.198937391,-3.129147964,0.00175314,0.009447786
399947,C11orf87,577.7220508,-0.671355838,0.214554065,-3.129075356,0.001753573,0.009447978
885,CCK,2868.274015,-0.554066505,0.17724809,-3.125937803,0.00177239,0.009523441
105377347,NFKB1-AS2,28.37004372,0.510400312,0.163300263,3.125532707,0.001774833,0.009525794
100132354,LINC01512,7.868219533,-0.86030087,0.275317295,-3.12476145,0.001779493,0.00954649
389383,CLPSL2,3.377507853,-0.772009261,0.247172109,-3.12336721,0.001787945,0.009578854
195814,SDR16C5,84.06726711,-0.611371795,0.195739152,-3.123400659,0.001787742,0.009578854
9518,GDF15,24.5646948,0.639652069,0.204858201,3.122413772,0.001793746,0.009601272
105373960,LOC105373960,6.747171304,0.566059142,0.181352179,3.121325285,0.00180039,0.009632494
102723922,NA,6.755288687,0.598210296,0.191683108,3.120829492,0.001803424,0.00964441
105372803,NA,6.146027219,0.534032577,0.171131656,3.12059493,0.001804861,0.009647722
105375549,LOC105375549,5.961928095,0.636039909,0.203941334,3.118739577,0.001816264,0.009693545
2903,GRIN2A,1173.162325,-0.610788973,0.196002609,-3.116228794,0.001831801,0.009765357
3560,IL2RB,8.741912249,0.753568142,0.242052257,3.113245677,0.001850419,0.009846908
107984284,NA,6.113713046,-0.594235261,0.190892247,-3.112935547,0.001852365,0.009852871
727896,CHORDC1P4,112.6457874,0.514271453,0.165230856,3.112441988,0.001855465,0.009867151
197259,MLKL,268.7952242,0.504513977,0.162148052,3.111440254,0.001861771,0.009896259
100526772,STIMATE-MUSTN1,199.852577,0.515756403,0.165789869,3.110904223,0.001865154,0.009909805
105378360,SYNPO2L-AS1,3.662767254,-0.584052961,0.187754461,-3.110727482,0.001866271,0.009913521
2675,GFRA2,401.8127553,-0.561771243,0.180623375,-3.110180184,0.001869732,0.009927548
91149,RAPGEF4-AS1,17.89037934,-0.59999999,0.192959935,-3.109453728,0.001874336,0.009945245
401491,VLDLR-AS1,7.906068567,-0.626832195,0.201727034,-3.107328672,0.001887864,0.010005847
283777,FAM169BP,2.884725201,-0.735566932,0.236742333,-3.107035919,0.001889734,0.010013527
27074,LAMP3,5.063813526,0.59555838,0.191713628,3.106499975,0.001893163,0.010029459
8547,FCN3,18.13213437,0.678063132,0.218302863,3.10606615,0.001895943,0.010035233
105371505,LOC105371505,17.18247313,0.529607562,0.170570248,3.104923449,0.001903283,0.010062872
643677,LRTM3,5.387173939,0.675372618,0.217535156,3.104659627,0.001904981,0.010069609
80034,CSRNP3,551.3348825,-0.55161219,0.177678422,-3.104553637,0.001905664,0.010070977
105374443,NA,11.38382346,0.528583592,0.170272931,3.104331322,0.001907096,0.010076307
101927445,LOC101927445,4.717955778,0.524630372,0.169010433,3.104130096,0.001908394,0.01008092
3814,KISS1,2.84698123,-0.847009592,0.273066015,-3.101849171,0.001923159,0.010136376
100142659,CTAGE8,4.186018067,0.507641313,0.163664698,3.101715384,0.001924028,0.010137494
7380,UPK3A,2.64206052,-0.908535546,0.292972641,-3.101093478,0.001928074,0.01015327
101927498,LINC01361,12.97079298,-0.656328427,0.211662946,-3.100818725,0.001929864,0.010153692
174,AFP,3.518878587,-0.93875705,0.302737618,-3.100893299,0.001929378,0.010153692
6512,SLC1A7,147.742039,0.820878756,0.26482252,3.099731682,0.00193696,0.010177503
219790,RTKN2,24.93631093,-0.635660164,0.205216682,-3.09750727,0.001951556,0.010240604
1521,CTSW,14.13613094,0.584481371,0.188749152,3.096603952,0.001957512,0.010267322
2326,FMO1,4.190243952,0.870824093,0.281307559,3.095629912,0.001963953,0.010294287
3356,HTR2A,340.411791,-0.663765902,0.214437988,-3.095374605,0.001965645,0.010296337
5582,PRKCG,2103.948318,-0.582185014,0.188096795,-3.095135217,0.001967232,0.010297839
56241,SUSD2,73.87003666,0.519709952,0.167909492,3.095179115,0.001966941,0.010297839
101928251,SDK2-AS1,10.63768852,-0.66602931,0.215235621,-3.094419525,0.001971984,0.010316909
100616346,MIR4649,3.568032775,0.755954255,0.244382367,3.09332569,0.001979268,0.010338807
54504,CPVL,272.3694043,0.644852802,0.208569603,3.091787068,0.001989555,0.010375825
26851,SNORD3B-1,10.10408545,-0.71006519,0.229695409,-3.091333833,0.001992595,0.010387116
202299,LINC01554,51.31777701,-0.511594536,0.165508129,-3.091053838,0.001994475,0.010392355
110806280,CCDC194,7.060865874,0.909855946,0.294375068,3.090805053,0.001996146,0.010394533
2742,GLRA2,107.1750426,-0.672261481,0.217500014,-3.090857178,0.001995796,0.010394533
4602,MYB,12.05087886,-0.709536152,0.229577082,-3.090622748,0.001997372,0.010396051
105376301,LOC105376301,4.863498681,0.514053707,0.166372502,3.089775649,0.002003077,0.010419631
105373818,LINC01827,8.121127135,-0.764566513,0.247549429,-3.088540812,0.002011421,0.010448567
7447,VSNL1,9878.931029,-0.642991605,0.208209059,-3.088201866,0.002013716,0.01045275
7379,UPK2,6.967972292,-0.681507464,0.220670024,-3.088355413,0.002012676,0.01045275
105371744,NA,7.087260611,0.651181187,0.210955608,3.086816197,0.002023127,0.010486443
723788,NA,2.224064107,-0.865475345,0.280415683,-3.086401356,0.002025952,0.010494217
90632,LINC00473,7.020736193,-0.924748562,0.299612851,-3.086478297,0.002025427,0.010494217
84771,DDX11L2,78.76520835,0.584722848,0.189607336,3.083861953,0.002043324,0.010561175
8857,FCGBP,1078.789857,0.731147018,0.237132965,3.083278688,0.002047333,0.010568101
102724557,LOC102724557,3.779722673,-0.783829831,0.254325098,-3.081999523,0.002056152,0.010604404
85389,SNORD14C,12.18222876,0.773009745,0.250812205,3.082026038,0.002055969,0.010604404
55800,SCN3B,3687.98615,-0.52099952,0.169051467,-3.081898834,0.002056847,0.010605689
29943,PADI1,5.684546695,1.040901693,0.337827548,3.081162859,0.002061938,0.010611616
101929550,LOC101929550,12.86440673,0.586276055,0.190275855,3.081189966,0.002061751,0.010611616
84766,CRACR2A,11.25310251,0.654139661,0.212294346,3.081286304,0.002061084,0.010611616
116028,RMI2,49.67041894,-0.518346848,0.168240265,-3.080991638,0.002063124,0.010615014
402117,VWC2L,100.0041203,-0.549371454,0.178430658,-3.078907294,0.002077613,0.010675696
340547,VSIG1,8.919845388,-0.569183303,0.184902723,-3.078285139,0.002081956,0.010689697
84684,INSM2,54.36191645,-0.59913111,0.194689921,-3.077360696,0.002088424,0.01070776
147670,SMIM17,49.09683517,-0.566481838,0.184091431,-3.077176565,0.002089715,0.01070776
107986067,NA,2.704568833,0.976749633,0.317661714,3.07481069,0.002106362,0.01077265
81849,ST6GALNAC5,372.9153393,-0.677557005,0.220388241,-3.074379118,0.002109412,0.010780783
114818278,ZNF71-SMIM17,53.39562037,-0.514951123,0.167565957,-3.073124953,0.002118298,0.010814563
3822,KLRC2,53.10721462,0.612462608,0.199306474,3.072968953,0.002119405,0.010817893
10562,OLFM4,17.28516815,-0.713245257,0.232175708,-3.072006383,0.002126252,0.010848177
7781,SLC30A3,924.2289955,-0.641331474,0.208859248,-3.070639576,0.002136008,0.010886264
11006,LILRB4,244.4807716,0.512051612,0.166816862,3.069543492,0.002143862,0.010912243
105372427,NA,4.242854416,0.614477268,0.200207385,3.069203801,0.002146301,0.010915304
105377727,LOC105377727,3.291660057,-0.717970617,0.233943431,-3.068992423,0.00214782,0.010920692
101927871,LOC101927871,3.753551677,-0.727986414,0.23725009,-3.068434718,0.002151833,0.010931737
84970,C1orf94,14.064745,-0.641048576,0.208939753,-3.068102484,0.002154227,0.010941558
339256,NOS2P3,36.21646711,0.721393492,0.235228741,3.066774441,0.002163821,0.010971012
101927066,LOC101927066,5.735594545,-0.649985123,0.211967819,-3.066433038,0.002166293,0.010972298
283514,SIAH3,72.10665213,-0.534896696,0.17443069,-3.066528574,0.002165601,0.010972298
285016,ALKAL2,24.35958371,-0.530923204,0.173152443,-3.066218385,0.002167849,0.010975545
344838,PAQR9,23.70648353,-0.587270922,0.1915841,-3.065342702,0.002174207,0.010996017
4741,NEFM,5019.090333,-0.698686561,0.228006699,-3.064324711,0.00218162,0.01101943
7128,TNFAIP3,166.0527009,0.522548622,0.170548625,3.063927498,0.002184518,0.011030113
3501,IGHG2,15.95803466,0.919475531,0.300098973,3.063907627,0.002184664,0.011030113
101926900,DNAJB5-DT,5.290816518,0.728115552,0.237826785,3.061537216,0.002202036,0.011089542
441376,AARD,14.12975097,-0.548185701,0.179188854,-3.059262268,0.002218828,0.011162275
100498859,LINC00881,4.043600419,-0.559152833,0.182803128,-3.05877059,0.002222473,0.011173511
8840,CCN4,42.14298856,0.513192792,0.16779139,3.058516842,0.002224356,0.011178246
105370939,LOC105370939,15.20782348,-0.600696579,0.196450933,-3.057743581,0.002230103,0.011199937
407014,MIR25,5.52333164,0.667786185,0.218415357,3.057414073,0.002232556,0.011207603
105373018,NA,3.73636787,0.601557599,0.196781403,3.056983994,0.002235762,0.011221325
63895,PIEZO2,806.7926421,0.518934338,0.169802961,3.056097111,0.002242386,0.011247442
138307,LCN8,7.050992922,0.675519515,0.22107227,3.055650144,0.002245731,0.011257315
105375387,LOC105375387,2.568745939,-0.731832929,0.23953738,-3.055193015,0.002249157,0.011271884
102724050,GPR84-AS1,4.955553671,0.586353207,0.191940257,3.054873507,0.002251555,0.011272008
105370406,LOC105370406,2.957062369,-0.831044596,0.272030512,-3.054968323,0.002250843,0.011272008
105373377,PNMA6F,292.7980082,-0.548815614,0.179641419,-3.055061674,0.002250142,0.011272008
105376922,LOC105376922,3.84839528,1.050684223,0.34396044,3.054665885,0.002253114,0.011273209
107985287,LOC107985287,8.949086439,-0.5125504,0.167815629,-3.054247111,0.002256261,0.011278933
101927286,LINC02254,4.357014698,-0.763181755,0.250113884,-3.051337032,0.002278247,0.011365317
55231,CCDC87,9.02470687,-0.556096504,0.182273447,-3.050891459,0.00228163,0.011377021
9312,KCNB2,75.63463954,-0.671740275,0.220188301,-3.050753699,0.002282677,0.011377466
646627,LYPD8,33.20945589,-0.50652296,0.166043682,-3.050540394,0.0022843,0.011383162
2669,GEM,285.2120662,0.524687395,0.172194696,3.047058974,0.002310924,0.011467723
9079,LDB2,902.697581,-0.537674985,0.176527278,-3.045846464,0.002320263,0.011502054
105375925,LOC105375925,2.049065883,-0.854612943,0.280711191,-3.044456255,0.002331013,0.011545709
915,CD3D,3.228852788,0.967118708,0.317661063,3.044498751,0.002330684,0.011545709
100288637,LOC100288637,61.82519224,0.63736223,0.209391588,3.043876962,0.002335506,0.011565552
2562,GABRB3,1866.065613,-0.517117252,0.17001289,-3.041635566,0.002352966,0.011630192
105373310,NA,2.386028499,-0.685733051,0.225487538,-3.041112862,0.002357055,0.011645556
107984832,NA,13.98195183,0.557462068,0.183320462,3.04091568,0.002358599,0.011650762
140689,CBLN4,191.4298068,-0.784714241,0.258147932,-3.039785115,0.00236747,0.01168001
200315,APOBEC3A,10.31419457,0.652077575,0.214552775,3.03924093,0.002371751,0.011693845
101927602,LOC101927602,7.059092044,-0.669755191,0.220404103,-3.038760088,0.00237554,0.011710094
150921,TCF23,3.524156379,-0.832697239,0.274390701,-3.03471377,0.002407641,0.011838854
105372903,LOC105372903,3.24091539,0.756583101,0.24949193,3.032495289,0.002425409,0.011913893
4753,NELL2,2918.475612,-0.654678115,0.215923412,-3.031992267,0.002429454,0.011927937
8941,CDK5R2,1076.187709,-0.53714105,0.177254232,-3.0303426,0.002442765,0.011977591
10486,CAP2,1346.42624,-0.627842088,0.207186447,-3.030324117,0.002442914,0.011977591
1010,CDH12,62.91188219,-0.5342038,0.176363281,-3.028996712,0.002453674,0.012018401
2831,NPBWR1,19.96043274,-0.737140063,0.243456873,-3.027805521,0.002463366,0.012052987
55531,ELMOD1,726.9391464,-0.570542394,0.188439237,-3.027726091,0.002464013,0.012053672
8618,CADPS,1722.504273,-0.565251238,0.186719054,-3.027282041,0.002467636,0.012068909
105378230,LOC105378230,5.457565247,0.595875605,0.196924501,3.025908924,0.00247887,0.012113875
165530,CLEC4F,4.290919778,-0.940765176,0.310962286,-3.025335288,0.002483576,0.012131885
5196,PF4,3.811639966,1.01122595,0.334392361,3.02407013,0.002493986,0.012167723
9568,GABBR2,3145.398483,-0.524796351,0.173625248,-3.022580857,0.002506291,0.012217719
84636,GPR174,2.667712019,1.090242029,0.360713278,3.022461592,0.002507279,0.012220027
10855,HPSE,95.85474532,0.50767903,0.168047,3.021053808,0.002518966,0.01226692
107984910,NA,12.57332489,0.637459468,0.211022671,3.020810353,0.002520992,0.012272335
5579,PRKCB,3572.260642,-0.518503172,0.171798031,-3.018097298,0.002543672,0.012354311
105370469,LRFN5-DT,47.18918518,-0.554255614,0.183737163,-3.016567828,0.00255654,0.012399436
118856,MMP21,4.282253067,0.638668468,0.211763138,3.015956766,0.002561698,0.012416473
100616500,MIR4683,5.426224918,0.606722413,0.201199498,3.015526471,0.002565335,0.012426498
5988,RFPL1,136.9007721,-0.563446099,0.186858053,-3.015369639,0.002566662,0.012430391
105374496,LOC105374496,6.428520064,-0.613901355,0.203672043,-3.014166033,0.002576867,0.012474727
9332,CD163,935.6710961,0.956657655,0.317559634,3.012529151,0.002590806,0.012521787
107986116,LOC107986116,3.1699926,-0.706661609,0.234679374,-3.011179029,0.002602354,0.012564819
1007,CDH9,130.3299047,-0.694113564,0.230567026,-3.010463276,0.002608495,0.012581685
118427,OLFM3,325.6643223,-0.773708752,0.257136125,-3.008946145,0.002621556,0.012631858
2845,GPR22,177.7510665,-0.736116688,0.244679546,-3.008492944,0.002625469,0.01264302
2566,GABRG2,1057.303034,-0.777622182,0.258600039,-3.00704588,0.002637999,0.012687928
100302691,LINC00184,7.921067053,-0.617261536,0.205376443,-3.005512835,0.002651334,0.012734204
273,AMPH,1562.795761,-0.56219875,0.187106253,-3.004703164,0.002658402,0.012750365
373861,H1-9P,36.73811229,0.519244652,0.172814965,3.004627821,0.00265906,0.012750365
105371392,LOC105371392,4.667842848,-0.920008743,0.306609562,-3.000587251,0.002694595,0.01287703
105378480,LOC105378480,20.09986656,0.58992433,0.196669972,2.999564817,0.002703656,0.012912213
105376463,LINC02680,7.018923475,0.53064488,0.176923178,2.999295436,0.002706048,0.012913724
284561,LINC02806,10.74463876,-0.619881111,0.206694,-2.999028083,0.002708423,0.012913863
105375287,VOPP1-DT,2.972955191,-0.684843207,0.228686041,-2.99468741,0.002747262,0.013060065
89822,KCNK17,3.780233304,0.843691704,0.281758229,2.994381765,0.002750016,0.013066098
780853,SNORD3C,12.40545472,-0.659176581,0.220156994,-2.994120554,0.002752372,0.013071289
105377641,PLCL2UT,5.609836146,0.62628159,0.209184247,2.9939233,0.002754152,0.013077128
100506742,CASP12,5.70435489,0.709508823,0.237061214,2.992935081,0.002763085,0.013116924
105375350,LOC105375350,33.56417989,-0.568239483,0.189912063,-2.992118946,0.002770483,0.013141538
105371275,LOC105371275,5.672173733,1.103635854,0.369359707,2.987970352,0.002808368,0.013286752
101928823,LINC02763,3.838004981,-0.632928615,0.21186099,-2.987471244,0.002812958,0.013303167
213,ALB,24.37264899,-0.597333651,0.199956987,-2.987310724,0.002814435,0.013307505
6545,SLC7A4,85.85045196,-0.604272346,0.202389673,-2.98568764,0.002829415,0.013362376
54331,GNG2,1430.838118,-0.514960565,0.172491786,-2.985420788,0.002831885,0.013368724
170850,KCNG3,17.4904455,-0.712174184,0.23863003,-2.984428173,0.002841089,0.013401523
107984402,LOC107984402,4.579698974,0.828455767,0.277698825,2.983288702,0.002851689,0.013443513
3973,LHCGR,3.457440452,0.772626951,0.259015519,2.982936904,0.002854968,0.0134483
105375676,LOC105375676,23.85836518,0.721738825,0.241973438,2.982719226,0.002857,0.013452491
83661,MS4A8,7.261139464,-0.888535089,0.298015756,-2.98150373,0.002868366,0.013483625
57181,SLC39A10,974.5446732,-0.542041827,0.1818424,-2.980833007,0.002874655,0.013503546
348980,HCN1,412.4790897,-0.664680793,0.223029247,-2.98024049,0.002880222,0.013516331
152742,LINC01085,8.068058191,-0.578722749,0.19423407,-2.979512028,0.002887079,0.013535141
5746,PTH2R,61.21828627,-0.541195779,0.181753546,-2.977635323,0.002904814,0.013595198
339260,LOC339260,3.45410283,-0.641205795,0.21532591,-2.977838546,0.002902889,0.013595198
101927531,LOC101927531,21.06123579,-0.708667004,0.238167602,-2.975497078,0.002925141,0.013670418
26973,CHORDC1,814.4983925,0.510946867,0.171802734,2.97403222,0.002939142,0.013724628
693197,MIR612,3.944625178,0.77022135,0.25916089,2.971981426,0.002958846,0.013787247
102465537,MIR6891,3.283226053,0.855702813,0.288036902,2.970809664,0.002970158,0.013831818
100129617,LOC100129617,28.26526782,0.548069501,0.184542171,2.969887577,0.002979088,0.013865248
146481,FRG2DP,5.019353958,0.89567488,0.301625664,2.969491612,0.00298293,0.013877691
1828,DSG1,5.507919974,-0.823494157,0.27734257,-2.969231,0.002985461,0.013886748
101929151,LINC02204,3.296753481,0.78823434,0.265536514,2.968459324,0.002992967,0.013907909
101927354,LINC03016,13.75826406,0.735250339,0.247757078,2.96762597,0.003001093,0.013937626
646938,LOC646938,5.587850937,0.508241495,0.171351547,2.966074732,0.003016272,0.013986246
389941,C1QL3,198.4135201,-1.001315053,0.337727072,-2.964864634,0.003028161,0.014033159
10265,IRX5,3.089986313,1.119457101,0.377748802,2.963496096,0.003041659,0.014079231
8302,KLRC4,16.18782585,0.563471639,0.190452287,2.958597398,0.003090426,0.014266044
101929309,LINC03135,4.342675721,1.001778706,0.338768476,2.957119027,0.003105282,0.014322774
105378353,LOC105378353,4.308105755,0.586086276,0.198198002,2.957074589,0.00310573,0.014322774
441549,CDNF,20.65740041,-0.530600836,0.179531619,-2.955472902,0.003121901,0.014383391
8784,TNFRSF18,25.47121802,-0.537100253,0.181743631,-2.955263145,0.003124025,0.014387593
2886,GRB7,13.04942448,-0.613428525,0.207586802,-2.955045879,0.003126226,0.014392149
107984957,LINC02812,20.44974231,0.589921631,0.199726195,2.953651772,0.003140381,0.014440527
151121,LINC01854,2.91352148,0.905803423,0.306736107,2.953038144,0.003146631,0.014463664
105376058,LOC105376058,3.939175092,-0.555102734,0.188044213,-2.951979882,0.003157435,0.014502101
100288122,LDLRAD4-AS1,12.72384146,0.677171433,0.229446311,2.95132849,0.003164102,0.014527106
2044,EPHA5,257.6533074,-0.718418929,0.243543625,-2.949857257,0.003179208,0.014582367
100128885,LOC100128885,10.73995616,-0.535102346,0.181406033,-2.949749447,0.003180317,0.01458464
101929125,LINC01730,9.70906231,0.642770257,0.217980931,2.948745347,0.003190668,0.014623637
100422961,MIR4315-2,3.846275555,0.540328329,0.183250367,2.948579788,0.003192377,0.014625828
100131390,SP9,37.26863607,-0.608102854,0.206371466,-2.946642124,0.003212448,0.014680972
100506532,LOC100506532,15.54571669,-0.542350424,0.184169428,-2.94484503,0.003231165,0.014755155
730,C7,129.5936491,0.601802389,0.204375179,2.944596268,0.003233763,0.014760526
105373950,LOC105373950,6.597006947,0.533099478,0.181057205,2.944370418,0.003236124,0.014766449
107984995,LINC02094,14.74448007,0.545731691,0.185376288,2.943913139,0.003240909,0.014778155
3761,KCNJ4,1233.733225,-0.501262521,0.17027231,-2.943887485,0.003241178,0.014778155
93650,ACP4,3.304697652,-0.670495105,0.227778796,-2.943623889,0.00324394,0.01478507
1396,CRIP1,140.0453533,0.544026691,0.184836647,2.943283708,0.003247507,0.01479565
126961,H3C14,7.706002934,0.686421527,0.233539153,2.939213914,0.003290459,0.014948336
116443,GRIN3A,195.7263435,-0.562955975,0.191581775,-2.938463089,0.003298439,0.014977432
8190,MIA,18.8071663,0.763577391,0.259986838,2.9369848,0.003314203,0.015036078
1996,ELAVL4,1018.976298,-0.516808139,0.17610731,-2.934620595,0.003339558,0.015130877
143503,OR51E1,3.289521042,0.945118461,0.322104376,2.934199382,0.003344093,0.015148538
105375577,LOC105375577,3.71313444,-0.783983058,0.267224079,-2.933803954,0.003348356,0.015162032
729238,SFTPA2,14.15679634,-0.559467395,0.190749402,-2.932996859,0.003357073,0.015192849
27445,PCLO,957.7121588,-0.563338065,0.192074012,-2.932921848,0.003357884,0.015193626
333932,H3C15,7.753412002,0.68292736,0.23287934,2.932537344,0.003362045,0.015200871
107984763,LOC107984763,11.3114663,-0.550626155,0.187777771,-2.93232874,0.003364304,0.015208191
105370596,NA,3.868826174,0.651886023,0.222421494,2.930858935,0.003380262,0.015268708
105370549,LOC105370549,3.241550705,-0.607525279,0.207312654,-2.930478518,0.003384404,0.015272894
4883,NPR3,17.74667263,-0.579027878,0.197600143,-2.930300909,0.003386339,0.015278725
102724785,LOC102724785,1.940963724,-1.29054267,0.440618802,-2.928932367,0.003401284,0.015320653
7276,TTR,340.2233433,1.230909032,0.420384678,2.928053985,0.003410908,0.015354581
105378552,DOCK1-AS1,6.736795656,0.504558347,0.172339442,2.927700942,0.003414783,0.015366201
3440,IFNA2,7.168666343,0.706115927,0.241223085,2.927231969,0.003419937,0.01537774
6495,SIX1,12.19233793,0.594514951,0.203155433,2.926404395,0.003429049,0.015407046
102465993,MIR7847,4.85000665,0.640945564,0.219030092,2.926289983,0.00343031,0.0154098
105377202,LOC105377202,2.651502884,-0.864896866,0.295588062,-2.92602096,0.003433278,0.015414387
2003,ELK2AP,4.542128698,0.512859756,0.175274829,2.92603199,0.003433156,0.015414387
962,CD48,18.75459035,0.655460836,0.224106217,2.924777563,0.003447025,0.015461496
125113,KRT222,243.4816451,-0.551824383,0.188783828,-2.923049023,0.003466219,0.015527068
338811,TAFA2,336.3028717,-0.595023638,0.20367348,-2.921458597,0.003483966,0.015583055
185,AGTR1,6.379998363,0.589592806,0.201863997,2.920742757,0.00349198,0.01559804
105371586,FAM78B-AS1,34.00899633,0.501086135,0.171594895,2.920169249,0.003498413,0.015615334
102723335,LOC102723335,2.848417574,0.7507281,0.257203791,2.918806507,0.003513743,0.015666095
729468,PGM5P4,9.01476222,0.518620164,0.177828262,2.916410236,0.003540846,0.01575946
107986517,NA,5.122435854,0.753851616,0.25848832,2.916385611,0.003541125,0.01575946
117154,DACH2,192.4032401,-0.61238512,0.210174403,-2.913699817,0.003571732,0.015868055
105371225,LOC105371225,6.984082404,-0.580584625,0.199308025,-2.913001742,0.003579726,0.015897624
7048,TGFBR2,1017.301474,0.513482496,0.176361749,2.911529845,0.003596635,0.01594823
101928266,LOC101928266,6.891327026,-0.613687482,0.210827564,-2.91085031,0.003604467,0.015974646
56884,FSTL5,137.0577471,-0.598580165,0.205883898,-2.907367561,0.003644846,0.016102534
30835,CD209,24.1113353,0.518290573,0.178291749,2.90698014,0.003649364,0.016110506
105376412,LOC105376412,5.523825661,0.648405763,0.223245071,2.904457241,0.003678905,0.016222828
29944,PNMA3,1250.241127,-0.505906911,0.174244329,-2.903434004,0.003690948,0.016263858
148696,LOC148696,9.29994037,0.514262685,0.177147407,2.903021245,0.003695816,0.01627927
105370676,LINC02320,4.01098717,-0.669484659,0.230642074,-2.90269961,0.003699613,0.016292975
105371880,MAP2K6-AS1,43.29046225,0.604895504,0.208497621,2.901210579,0.00371724,0.016334264
3880,KRT19,28.00727323,0.521557355,0.179886775,2.899364648,0.003739197,0.016382264
6456,SH3GL2,3385.806458,-0.569683551,0.19651086,-2.898992718,0.003743636,0.016389619
548596,CKMT1A,1063.166626,-0.519105059,0.179082491,-2.898692429,0.003747223,0.016402199
63982,ANO3,347.9410731,-0.608935376,0.210169223,-2.897357513,0.003763206,0.016454071
107987237,NA,7.077642988,0.657520368,0.226992311,2.896663617,0.003771539,0.016478373
8367,H4C5,22.26178684,0.565714898,0.195559133,2.892807349,0.003818154,0.016631873
29948,OSGIN1,215.1557148,0.503283773,0.173979002,2.892784576,0.003818431,0.016631873
54769,DIRAS2,2004.63227,-0.590803517,0.204255799,-2.89246876,0.003822272,0.016641875
79698,ZMAT4,264.6006278,-0.538570596,0.186240162,-2.891806947,0.003830332,0.016667804
64092,SAMSN1,101.4053524,0.593851491,0.205478705,2.890087759,0.003851343,0.01673365
105375161,LOC105375161,19.35809963,-0.819575328,0.283618225,-2.889713193,0.003855934,0.01674241
25878,MXRA5,33.67590315,0.532577262,0.18437811,2.888505925,0.003870767,0.016792986
643680,MS4A4E,15.47790523,0.590785071,0.204589006,2.887667737,0.003881096,0.016820915
102725121,DDX11L17,18.60889303,0.67581609,0.23422858,2.885284496,0.003910601,0.016930258
101928174,GJD2-DT,6.555489165,-0.606797298,0.210374971,-2.884360691,0.003922092,0.016973822
1131,CHRM3,632.8723587,-0.525039359,0.182162715,-2.882254799,0.003948403,0.017059715
1136,CHRNA3,10.30161504,-0.663385307,0.230219482,-2.881534186,0.003957443,0.017095664
1562,CYP2C18,2.618537142,-0.689161514,0.239232888,-2.880713936,0.003967756,0.017121533
100507629,LINC00658,5.543715335,-0.591095155,0.205372336,-2.878163472,0.003999978,0.017238657
55545,MSX2P1,2.672748622,-0.606638052,0.210810311,-2.87764887,0.004006508,0.017260537
339535,LINC01139,6.512506899,0.661490808,0.229898076,2.877322076,0.00401066,0.017270047
326342,ADGRE4P,25.12672642,0.841687811,0.292517265,2.877395327,0.004009729,0.017270047
285766,LINC03066,5.243291153,-0.836057414,0.290822902,-2.874799089,0.004042847,0.017366695
11187,PKP3,17.87369576,-0.534568867,0.18613891,-2.871881362,0.004080361,0.017486736
105374474,NA,6.173578761,0.615357864,0.214287179,2.871650409,0.004083344,0.017490054
105372994,LOC105372994,5.696978639,0.554663948,0.193337737,2.868886105,0.004119201,0.017615657
107987256,NA,5.31893438,0.53953633,0.18811236,2.868159914,0.004128668,0.017652359
4675,NAP1L3,2045.644206,-0.506417812,0.176709095,-2.865827655,0.004159206,0.017763743
3062,HCRTR2,9.513177037,-0.617758705,0.21565205,-2.864608541,0.00417525,0.017819452
9531,BAG3,2530.861792,0.607067397,0.212017558,2.863288322,0.004192689,0.017874608
105375800,LOC105375800,11.24637968,-0.515892272,0.180197767,-2.862922672,0.00419753,0.01789082
58495,OVOL2,9.821351597,-0.568534878,0.198658934,-2.86186413,0.004211574,0.017937865
105370362,LOC105370362,2.450376915,-0.646274364,0.225833117,-2.861734242,0.0042133,0.017939944
401253,LINC00336,4.532185421,-0.561653547,0.1963149,-2.860982772,0.0042233,0.017963176
100128554,LINC02347,10.05702097,-0.723276001,0.252786747,-2.861210127,0.004220272,0.017963176
100652883,ALOX15P1,4.20728964,-0.542922261,0.18976114,-2.861082417,0.004221973,0.017963176
6526,SLC5A3,726.0942311,0.527349175,0.184324201,2.860987176,0.004223241,0.017963176
2867,FFAR2,8.500936554,0.945493636,0.330533425,2.860508396,0.004229624,0.017974981
1053,CEBPE,3.273948087,0.732510441,0.256194181,2.859200157,0.004247107,0.018038625
102723798,LOC102723798,5.913138344,0.667204136,0.2333721,2.858971301,0.004250172,0.018044546
106456574,LINC01616,91.84802288,-0.555483909,0.194323331,-2.858554888,0.004255755,0.01805276
2672,GFI1,3.85427921,0.674137833,0.23585716,2.8582462,0.004259897,0.018063881
100129223,THCAT155,73.39605701,-0.54408786,0.190354168,-2.858292337,0.004259278,0.018063881
400946,LINC00954,2.826040617,0.749935492,0.262459353,2.857339563,0.004272085,0.018102638
22987,SV2C,96.01437436,-0.764632322,0.267689846,-2.856411378,0.004284596,0.01813624
7062,TCHH,20.56190955,-0.514344248,0.180230954,-2.853806396,0.004319885,0.018253089
107986123,NA,42.68535709,-0.572098632,0.200646537,-2.851275891,0.004354417,0.018372855
390010,NKX1-2,7.111802034,-0.543760176,0.190840488,-2.84929147,0.004381672,0.018458346
90134,KCNH7,14.21404796,-0.674574952,0.236883957,-2.847702145,0.004403612,0.018534337
105374476,SLC2A9-AS1,12.97223241,0.666344921,0.234127708,2.846074592,0.004426183,0.018612846
8788,DLK1,3.353770481,0.870539953,0.306028378,2.844637998,0.004446192,0.018667249
105378157,LOC105378157,10.34666106,-0.559446556,0.196682144,-2.84441965,0.004449241,0.018676747
163589,TDRD5,23.21117905,-0.640256611,0.225130805,-2.843931607,0.004456061,0.018698769
340090,LOC340090,2.371495121,1.400379846,0.492404696,2.843961194,0.004455647,0.018698769
105373010,LINC01643,24.91480055,-0.67963469,0.238997675,-2.84368746,0.004459477,0.018708758
102723446,LINC03209,2.559522223,0.895166242,0.314822766,2.843397428,0.004463537,0.018713366
2219,FCN1,33.25875039,0.768955884,0.270508964,2.842626255,0.004474351,0.018735801
105378047,UST-AS2,5.407054114,0.859369465,0.302365304,2.842156334,0.004480951,0.01875022
105375370,LOC105375370,5.140943846,-0.811094548,0.285427778,-2.841680493,0.004487644,0.018765091
102466193,MIR6757,5.5140573,0.535120727,0.188325658,2.841464793,0.004490681,0.018774398
341359,SYT10,8.431441356,-0.791196384,0.278565258,-2.840255058,0.004507748,0.018819252
101929048,LOC101929048,4.802953786,1.964355399,0.691789756,2.839526577,0.004518053,0.018850009
326343,MT1DP,28.47580586,0.972493861,0.342486516,2.839509926,0.004518289,0.018850009
3361,HTR5A,211.1265565,-0.570449822,0.200906983,-2.839372794,0.004520231,0.018854802
27197,GPR82,6.221060837,0.778352206,0.274264653,2.837960332,0.004540282,0.018921826
401106,ATP13A3-DT,6.286869318,-0.560460148,0.197566804,-2.836813353,0.004556624,0.018973287
8832,CD84,251.8329345,0.605488203,0.213574792,2.835017176,0.004582322,0.019050239
11326,VSIG4,1110.053254,0.604724739,0.213332183,2.834662498,0.004587412,0.019064726
105370794,LOC105370794,3.176106272,0.763653085,0.269600587,2.832534948,0.004618052,0.019165238
100130887,ATE1OSP,41.62093085,0.675594207,0.238802908,2.82908702,0.0046681,0.019329044
105377530,LOC105377530,2.365705176,-0.814450249,0.288477062,-2.823275595,0.004753569,0.019593787
83851,SYT16,670.3355582,-0.600811185,0.212826947,-2.823003355,0.004757607,0.019593787
255877,BCL6B,185.6482698,0.508110465,0.179985477,2.823063684,0.004756712,0.019593787
101928357,LOC101928357,10.88395021,-0.535356124,0.18967576,-2.822480446,0.004765373,0.019618452
2696,GIPR,216.6298246,0.551162276,0.195365618,2.821183594,0.004784681,0.019670157
164656,TMPRSS6,7.171257835,0.572010307,0.202762595,2.821083974,0.004786167,0.019670485
105378936,NA,11.84042352,0.578743712,0.205225857,2.820033112,0.004801869,0.019712794
283869,NPW,7.960253175,-0.600675042,0.21304875,-2.819425334,0.004810972,0.019738281
100874090,SLC6A1-AS1,20.98194349,0.520532056,0.184663373,2.818815925,0.004820115,0.019768963
54979,PLAAT2,11.88051546,0.516093718,0.183107641,2.818526388,0.004824465,0.019779972
1746,DLX2,24.5881662,-0.501554695,0.177959341,-2.81836678,0.004826864,0.019786393
256979,SUN3,2.767791491,-0.587811263,0.20865264,-2.817176261,0.004844793,0.019829093
56245,EPCIP,62.4050058,0.572517482,0.203252813,2.816775192,0.004850847,0.019847031
284933,LOC284933,5.634463783,1.060286192,0.376477734,2.816331739,0.004857548,0.019871027
5225,PGC,4.7225751,-0.702210538,0.249383344,-2.815787647,0.004865782,0.019887585
107984461,MRPS35-DT,3.304812338,0.620772961,0.220563283,2.814489121,0.004885483,0.01995252
147746,HIPK4,144.486918,-0.50683814,0.180709625,-2.804710265,0.005036183,0.02044715
105374745,LOC105374745,4.423367778,0.725946385,0.259165812,2.801088532,0.005093054,0.020642469
347148,QRFP,3.739776655,0.560580599,0.200229898,2.799684791,0.005115253,0.020715827
101927728,LINC01476,13.39800319,-0.622360651,0.22243003,-2.798006416,0.005141909,0.020790796
102724943,LOC102724943,15.22375881,-0.539647711,0.192903643,-2.797498805,0.005149996,0.020809347
105369959,LOC105369959,6.040464855,-0.51458909,0.184020208,-2.796372725,0.005167976,0.020871349
100130231,LINC00861,3.751858536,0.78820182,0.281911986,2.79591454,0.005175308,0.020893856
389136,VGLL3,13.47615595,0.581117887,0.207990824,2.793959247,0.005206704,0.020988504
101927168,ARHGAP28-AS1,6.20814966,-0.556677772,0.199290054,-2.793304333,0.005217258,0.021020347
105371368,CDH13-AS1,1.910931953,-0.99362824,0.356334818,-2.788468007,0.005295798,0.02123952
105374354,LOC105374354,20.65294291,0.650464736,0.233531742,2.785337578,0.005347202,0.021420369
102724623,LINC01414,3.960367454,-0.556006764,0.199623343,-2.785279294,0.005348163,0.021420608
5081,PAX7,41.80119135,-0.564375402,0.202694624,-2.784362953,0.005363298,0.021463131
29887,SNX10,711.8108148,-0.537567728,0.19315221,-2.783130088,0.005383722,0.021531967
6343,SCT,14.499694,0.714028041,0.256575592,2.782914912,0.005387293,0.021537387
1870,E2F2,3.445883931,0.902283975,0.324263621,2.78256306,0.005393138,0.02154625
105372270,LOC105372270,50.23016252,0.596813488,0.21449583,2.782401357,0.005395827,0.02154995
105370328,LOC105370328,3.084993568,-0.546223054,0.196366387,-2.78165251,0.005408291,0.021581381
105374056,LOC105374056,14.21393959,0.93251017,0.336070499,2.77474569,0.005524489,0.021930854
100873921,SYP-AS1,46.4357136,-0.755564998,0.272351329,-2.774229154,0.005533269,0.021954702
160492,LMNTD1,16.6503109,0.552033939,0.199066588,2.773111972,0.005552301,0.022022861
6358,CCL14,4.06770571,0.771462201,0.278257536,2.7724755,0.005563171,0.022043598
344758,GPR149,7.757138261,-0.659350358,0.23790527,-2.77148277,0.005580163,0.022092794
101926957,LINC02885,28.22930599,-0.537607252,0.19398884,-2.771330826,0.005582767,0.022099423
389320,SPMIP10,3.983283147,0.830083378,0.299539205,2.771201112,0.005584992,0.022104546
126755,LRRC38,14.50014794,-0.653573626,0.235892636,-2.770640225,0.00559462,0.02211686
256536,TCERG1L,127.4484791,-0.532064342,0.192058167,-2.770329169,0.005599967,0.022126948
135398,C6orf141,26.74620384,-0.640180035,0.231238646,-2.768482028,0.005631809,0.022215813
222008,VSTM2A,709.4044654,-0.548421899,0.198116965,-2.768172324,0.005637164,0.022233245
105370697,LOC105370697,9.925355703,0.643194308,0.232372195,2.767948664,0.005641034,0.022237432
23236,PLCB1,720.5734418,-0.539481233,0.195066183,-2.765631765,0.005681265,0.022362625
107986715,LOC107986715,8.192469769,-0.534886607,0.193452048,-2.764957065,0.005693029,0.022386674
107986035,NA,6.013294007,0.704836455,0.254923435,2.764894704,0.005694117,0.022387249
107985402,LOC107985402,20.38112308,0.663379334,0.240139942,2.76246979,0.005736587,0.022524401
168090,C6orf118,17.67205604,0.541288764,0.195954557,2.762317817,0.005739258,0.022531165
105373250,LOC105373250,3.026605335,-0.568762855,0.205911754,-2.76216799,0.005741893,0.022537783
554279,LINC00862,10.70100604,0.578373935,0.20965171,2.758737025,0.005802521,0.022726939
3112,HLA-DOB,30.95678365,-0.636041049,0.230600471,-2.758194924,0.005812153,0.02275716
107984360,NA,37.1401644,0.550072204,0.199599667,2.755877367,0.005853494,0.02286908
105374796,LOC105374796,2.356615593,0.965012173,0.350279121,2.754980573,0.005869562,0.02291396
4674,NAP1L2,970.2790648,-0.575530219,0.208925884,-2.754709984,0.005874418,0.022929149
56955,MEPE,97.34989288,-0.691555703,0.251245571,-2.752509037,0.005914051,0.023049761
283310,OTOGL,52.77794191,-0.512308472,0.186134467,-2.752356828,0.005916801,0.023056098
59350,RXFP1,245.6002851,-0.645497939,0.234549086,-2.75208039,0.005921798,0.023068599
2904,GRIN2B,1191.491035,-0.521112289,0.189396353,-2.751437816,0.005933428,0.023098449
3503,IGHG4,11.30146157,0.846864492,0.307793601,2.751403825,0.005934044,0.023098449
10125,RASGRP1,348.3755655,-0.510666781,0.185987034,-2.745711738,0.006037979,0.023421325
105371926,LOC105371926,7.176195495,0.665371366,0.242326619,2.745762599,0.006037043,0.023421325
132332,SMIM43,438.7191074,-0.547577902,0.199523376,-2.744429816,0.006061611,0.023497647
414235,DIP2C-AS1,29.68142588,0.507328406,0.185039736,2.741726808,0.006111715,0.023645568
57692,MAGEE1,728.1112354,-0.510909416,0.186483703,-2.739700076,0.006149527,0.023776371
64180,DPEP3,6.663155424,0.673523481,0.245886994,2.739158627,0.006159665,0.02380043
105370526,HIF1A-AS3,4.527307173,0.738300601,0.269646291,2.73803359,0.006180776,0.023862236
389125,MUSTN1,170.0764502,0.568332325,0.207582888,2.737857299,0.00618409,0.023867273
105373137,NA,6.274983385,-0.54763157,0.20011695,-2.736557649,0.006208572,0.023926771
103695432,LINC01167,3.651551471,-0.671788371,0.245669017,-2.734526233,0.006247012,0.0240593
100507431,LINC02551,3.20668999,-0.580189517,0.212482834,-2.730524188,0.006323369,0.02430609
101928300,CABP1-DT,31.73196513,-0.537607484,0.196894154,-2.730439044,0.006325003,0.024308436
85443,DCLK3,40.3925505,-0.604720979,0.221531375,-2.729730631,0.006338609,0.024344975
100861510,LRRC3-DT,7.96886775,0.591813578,0.217066683,2.726413704,0.006402669,0.024543393
127254,ERICH3,518.278828,-0.599923349,0.220137668,-2.72521897,0.006425885,0.024592703
285,ANGPT2,408.7327308,0.604558239,0.22189533,2.724519888,0.006439505,0.024626544
105378075,LOC105378075,59.92775256,-0.506687774,0.186007839,-2.724013011,0.006449397,0.024654879
107984010,LOC107984010,5.408052578,0.844712583,0.310157945,2.72349168,0.006459584,0.024681908
57084,SLC17A6,144.516044,-0.70172985,0.258061721,-2.719232623,0.006543357,0.024953837
8345,H2BC9,2.320217768,0.979459596,0.360241675,2.718895852,0.006550023,0.024973484
2359,FPR3,54.03079751,0.716860288,0.263720887,2.718253746,0.006562749,0.025011727
105373390,LOC105373390,34.44120659,-0.628206459,0.231171077,-2.717495921,0.006577797,0.025057017
134829,CLVS2,486.7995868,-0.516971765,0.190237752,-2.717503542,0.006577645,0.025057017
6023,RMRP,5.407227626,-0.881229029,0.324502524,-2.715630742,0.006614965,0.025174383
102724596,ZNF652-AS1,53.08992134,0.519101361,0.191213823,2.714769014,0.006632201,0.025229949
154288,KHDC3L,5.463221327,-0.598791988,0.220768672,-2.712305064,0.006681707,0.025387707
3303,HSPA1A,25899.02726,0.819947456,0.30239613,2.711501155,0.006697931,0.025441213
105377901,LOC105377901,2.474646978,-1.045133262,0.385922892,-2.708140105,0.006766145,0.025610226
105375874,LOC105375874,2.684915237,-0.668959828,0.247113979,-2.707090194,0.006787581,0.025670912
729756,PRSS44P,5.058668887,0.577657901,0.213411599,2.706778377,0.00679396,0.025678681
3505,IGHGP,6.05415316,0.981948811,0.362955624,2.705423876,0.006821728,0.025765003
105372553,NA,5.07871178,0.572612868,0.211655539,2.705399868,0.006822221,0.025765003
51284,TLR7,148.3278868,0.574506464,0.212451406,2.704178217,0.006847355,0.025840857
105375492,NA,5.33649976,-0.502120608,0.185690162,-2.704077605,0.006849429,0.025843105
105377460,LOC105377460,6.268184312,-0.540717323,0.200120413,-2.701959855,0.006893208,0.025977749
4569,MT-TM,2573.19467,0.64017153,0.236936107,2.701874098,0.006894987,0.02597786
101927067,LINC01607,6.961482114,-0.528646118,0.195848391,-2.699261993,0.006949344,0.026157768
132430,PABPC4L,7.283007974,0.545992488,0.202279019,2.699204741,0.00695054,0.026158124
4992,OR1F1,17.28229696,-0.510497663,0.189179826,-2.698478346,0.006965727,0.026206976
107987158,NA,10.5891074,0.737408841,0.273532941,2.695868508,0.007020537,0.026354751
105370610,LINC02296,20.66459887,-0.77571155,0.287970266,-2.693720989,0.007065929,0.026491657
107985485,LOC107985485,4.017549847,0.711080174,0.264253422,2.690902423,0.007125903,0.026670212
107985207,LOC107985207,4.362378399,0.545987319,0.203005896,2.689514592,0.007155602,0.026756071
152078,SLC66A1LP,3.77393069,-0.569730433,0.212057476,-2.686679304,0.00721662,0.026929126
2352,FOLR3,6.16086204,0.867146141,0.323177413,2.683189191,0.007292372,0.027181103
105377666,LOC105377666,4.703777556,0.695591868,0.259465113,2.680868575,0.007343135,0.027323961
105370057,LINC02826,4.431081134,-0.630785648,0.235402138,-2.679608832,0.007370824,0.027412348
55635,DEPDC1,5.848840545,-0.536111288,0.200149986,-2.678547718,0.00739422,0.027465728
105374444,LOC105374444,3.885825033,0.718310529,0.268180909,2.678455118,0.007396264,0.027465728
692247,LMNTD2-AS1,16.76328031,0.54485951,0.203434458,2.678304914,0.007399582,0.027470228
4608,MYBPH,32.65536514,0.705235882,0.263488012,2.676538774,0.007438696,0.027580181
692093,SNORD62B,3.483567508,0.624410712,0.233352319,2.675828183,0.007454485,0.027630097
3120,HLA-DQB2,43.38173586,0.538258554,0.201188221,2.675397945,0.007464059,0.027648329
100506328,LINC01127,2.357022369,0.904350782,0.338276884,2.67340402,0.007508576,0.0277829
729911,ANKRD34C-AS1,4.974133769,-0.683973823,0.255930739,-2.67249579,0.007528932,0.027832209
1579,CYP4A11,6.990215435,-0.530222531,0.198410044,-2.6723573,0.00753204,0.027839368
9890,PLPPR4,969.7805137,-0.581417736,0.217589318,-2.672087683,0.007538095,0.027857412
100507173,LINC01012,2.720165344,-0.632418464,0.236692155,-2.671902943,0.007542246,0.027864083
4025,LPO,5.719253984,-0.520313841,0.194942208,-2.669067136,0.007606224,0.028026348
101927623,LOC101927623,3.418472666,0.801621443,0.300813812,2.664842539,0.007702438,0.02829309
8001,GLRA3,136.1422109,-0.585980756,0.219983194,-2.663752379,0.007727442,0.028358733
60529,ALX4,10.61852977,0.600227105,0.225435979,2.662516901,0.007755867,0.028432196
105370121,LOC105370121,3.853699441,0.995461363,0.374316718,2.659409308,0.00782778,0.028638367
1588,CYP19A1,6.773078121,0.574263363,0.216004924,2.658566079,0.007847396,0.028689067
768,CA9,7.069342094,-0.677753815,0.25513042,-2.656499426,0.007895659,0.028815696
645485,LOC645485,4.470549783,-0.578327829,0.217816379,-2.655116352,0.007928106,0.028907468
100616294,MIR4740,4.145554636,0.506411875,0.190908638,2.652639932,0.007986502,0.029086389
79755,ZNF750,3.317410476,0.627606954,0.236597129,2.652639765,0.007986506,0.029086389
105375846,LOC105375846,9.230845107,0.534511159,0.201552331,2.651972099,0.008002315,0.029119945
105376361,LOC105376361,7.104064422,-0.72153989,0.272117488,-2.651574859,0.008011735,0.029140831
348249,CCL15-CCL14,4.230995536,0.708849207,0.267423559,2.650661029,0.008033442,0.029198702
5054,SERPINE1,179.2006136,0.663079809,0.250200549,2.650193261,0.008044574,0.029228947
105372209,LOC105372209,3.312924052,0.602621719,0.227635729,2.647307268,0.008113559,0.029389693
23040,MYT1L,1187.299803,-0.523298745,0.197697146,-2.646971674,0.008121616,0.029400941
58475,MS4A7,221.7017356,0.567574445,0.214417127,2.647057409,0.008119557,0.029400941
101927320,ERICH3-AS1,3.589338762,-0.78442051,0.296413853,-2.646369267,0.008136095,0.029439898
105377087,LOC105377087,2.685868423,-0.706342509,0.266994056,-2.645536463,0.00815615,0.029490005
107984737,NA,3.176033398,0.657164938,0.248429541,2.645276942,0.008162408,0.029508143
151760,LOC151760,3.079427066,-0.699312019,0.264494557,-2.643956185,0.008194326,0.029601007
105372720,KCNQ2-AS1,8.538221736,0.511105805,0.193391739,2.642852314,0.008221089,0.029679629
1993,ELAVL2,502.6842851,-0.557957353,0.211155742,-2.642397249,0.008232144,0.02971051
353345,GPR141,12.24545164,0.612130871,0.23174629,2.641383692,0.008256815,0.029763375
5816,PVALB,195.9318976,-0.845477554,0.320327835,-2.63941332,0.008304966,0.029904442
377007,KLHL30,5.597301813,0.616342768,0.233636317,2.638043502,0.008338588,0.029994423
654502,IQCJ,5.816991375,-0.68730816,0.260549821,-2.637914537,0.00834176,0.030001289
150051,TIAM1-AS1,3.790983676,-0.534554374,0.202666902,-2.637600752,0.008349482,0.030024514
245802,MS4A6E,8.514871528,0.667776998,0.253220696,2.637134363,0.008360971,0.030043856
100188985,TRG-GCC2-4,3.625874899,0.576785259,0.218703872,2.637288741,0.008357166,0.030043856
105373009,LL22NC03-13G6.2,9.198122147,-0.804328089,0.305558395,-2.63232201,0.008480344,0.030357231
2849,GPR26,124.2871277,-0.502315544,0.191111474,-2.628390301,0.008579002,0.030595135
85391,SNORD14E,12.45459369,0.698029651,0.265584733,2.628274756,0.008581917,0.030600936
11025,LILRB3,92.91445036,0.505007866,0.192188054,2.627675626,0.008597045,0.030631889
64231,MS4A6A,498.6729857,0.524236383,0.199522617,2.627453423,0.008602662,0.03064271
107984393,LOC107984393,2.614221282,-0.725544068,0.276243277,-2.626467785,0.008627616,0.030690179
5788,PTPRC,394.0963636,0.62769228,0.238998094,2.62634848,0.008630641,0.030696343
6236,RRAD,120.2077883,0.552283107,0.2103599,2.625420093,0.008654212,0.030752551
101927691,LOC101927691,4.637895843,-0.602788574,0.229606131,-2.625315672,0.008656867,0.030757384
107984283,LOC107984283,3.043507895,-0.584899954,0.223032819,-2.622483798,0.008729142,0.030977387
105378550,LOC105378550,22.14045076,0.554046334,0.211350626,2.62145584,0.00875551,0.031052128
162540,SPPL2C,5.328879737,-0.532168748,0.20326459,-2.618108485,0.008841869,0.031279017
2834,PRLHR,18.49246723,-0.634584974,0.242487531,-2.61697981,0.008871159,0.031352785
102724850,CCL3-AS1,2.213277206,-0.812333298,0.310766341,-2.613968084,0.00894974,0.031585361
150379,PNPLA5,17.57848824,-0.521897291,0.19994117,-2.610254259,0.009047495,0.031875831
940,CD28,2.346345601,0.83133841,0.318533662,2.609891855,0.009057085,0.031902588
104355297,ABCA9-AS1,3.478899276,0.563304048,0.216056655,2.607205261,0.009128462,0.032096894
101927318,AQP5-AS1,3.900708734,0.563565232,0.216352114,2.604851978,0.009191396,0.032249944
105371406,LOC105371406,3.710067249,0.500505721,0.192185473,2.604284874,0.00920662,0.032280923
9348,NDST3,104.1159622,-0.579236102,0.222657957,-2.601461495,0.009282749,0.032456828
105372969,LOC105372969,1.869921415,1.835826368,0.705802466,2.60104839,0.009293934,0.032476818
2557,GABRA4,295.2086344,-0.598593532,0.230147771,-2.600909529,0.009297697,0.032485188
3304,HSPA1B,23954.22099,0.772585376,0.297147325,2.600007842,0.009322163,0.032556304
57822,GRHL3,9.357487912,-0.755608284,0.290867987,-2.59777053,0.009383118,0.03271147
107986256,STK32B-DT,6.117595168,0.520183539,0.200573419,2.593481938,0.009500953,0.033030168
105374711,LOC105374711,15.05324786,0.531709931,0.205428606,2.588295472,0.009645221,0.033394872
5551,PRF1,30.48399042,0.547127408,0.211551436,2.586261851,0.009702319,0.033543675
23460,ABCA6,260.284271,0.650772072,0.251796564,2.584515303,0.009751598,0.03368463
8685,MARCO,29.98527785,0.71044876,0.274992518,2.583520325,0.00977977,0.033753184
100130386,LINC00552,5.654573928,-0.530115219,0.205193276,-2.583492155,0.009780569,0.033753184
63923,TNN,6.564772111,-0.510762276,0.197810149,-2.582083273,0.009820589,0.033858938
89885,FATE1,5.894090637,-0.70249522,0.272271352,-2.580129031,0.009876341,0.034021728
105369333,LOC105369333,52.47509341,-0.524958673,0.203766907,-2.576270511,0.009987248,0.034309049
101929238,CFAP20DC-AS1,13.0078319,-0.523630573,0.20327158,-2.576014677,0.00999464,0.03432948
2301,FOXE3,5.246407361,-0.547116641,0.212423225,-2.575597098,0.010006717,0.034361025
107985256,LOC107985256,4.580427588,-0.580724511,0.22551829,-2.575066133,0.010022092,0.034403873
100506271,LOC100506271,4.630469857,-0.530895334,0.206195486,-2.574718514,0.010032169,0.034426996
105376314,LOC105376314,13.44746926,-0.573822618,0.222876047,-2.574626683,0.010034833,0.034427709
105376188,LOC105376188,2.657956441,-0.56493225,0.219496095,-2.573769026,0.010059741,0.034498215
79168,LILRA6,39.48114029,0.522027248,0.202939619,2.572327919,0.010101716,0.034617176
399,RHOH,15.16740084,0.522766566,0.203256821,2.571950916,0.010112723,0.034644899
7136,TNNI2,6.287345041,0.567633745,0.22111454,2.56714798,0.010253884,0.035042587
105377724,LOC105377724,4.51430161,-0.794051667,0.309345761,-2.566874245,0.010261982,0.035065217
401286,LINC02538,3.789497342,0.515695067,0.20098774,2.5658036,0.010293709,0.035143298
100130548,LOC100130548,4.383456442,0.655456811,0.255476735,2.565622308,0.01029909,0.035156616
26280,IL1RAPL2,14.36132452,-0.735267613,0.286810342,-2.563602168,0.010359221,0.035301003
100505622,LNROP,3.44346264,0.628393815,0.245174015,2.563052266,0.010375643,0.035336687
729870,FHDC1-AS1,6.900445435,-0.605306256,0.236321969,-2.561362615,0.010426247,0.035469489
5697,PYY,3.58832401,-0.525976236,0.205417909,-2.56051791,0.010451628,0.035549601
79908,BTNL8,7.161916034,0.54976079,0.214943514,2.557698902,0.010536728,0.035791819
2561,GABRB2,1011.017741,-0.682650635,0.266976978,-2.556964427,0.010559001,0.035839178
57282,SLC4A10,846.5472171,-0.676697101,0.264791013,-2.555589377,0.010600813,0.035954072
114821,SCAND3,35.47313698,-0.514519075,0.201455592,-2.554007411,0.010649099,0.036072546
53942,CNTN5,111.6594094,-0.643361047,0.252114071,-2.551864892,0.010714806,0.036247539
105378180,LOC105378180,2.740407053,-0.62377872,0.244487881,-2.551368673,0.010730075,0.036273366
728264,CARMN,35.15413889,0.576805297,0.226314386,2.548690373,0.010812825,0.036480424
4572,MT-TQ,1241.397916,0.632458219,0.248164538,2.5485439,0.010817367,0.036490565
100506476,MIDEAS-AS1,46.25366682,-0.54015168,0.212697347,-2.539531818,0.011100095,0.037264866
1816,DRD5,52.26283767,-0.532168323,0.209649582,-2.538370537,0.011137,0.037369377
647166,C13orf42,2.668416449,-0.73316848,0.288836672,-2.5383497,0.011137663,0.037369377
105372832,LOC105372832,7.490088984,-0.515055957,0.203184856,-2.534913122,0.011247522,0.037663501
100874377,SMIM2-IT1,2.999422418,-0.660515435,0.260868594,-2.531985257,0.011341876,0.037928544
105376352,LOC105376352,2.407149437,0.940277709,0.371527104,2.530845523,0.011378795,0.038038738
105371019,LOC105371019,10.99573068,0.526582288,0.208257435,2.528516148,0.011454582,0.038227534
26659,OR7A5,96.68438228,0.757441613,0.299664163,2.527634954,0.011483368,0.038298573
105372560,LOC105372560,1.679103772,-1.387126994,0.549184935,-2.525792144,0.011543776,0.038437125
101927730,SERPINB9-AS1,11.24180684,0.568110204,0.22499599,2.524979245,0.011570512,0.03849006
338339,CLEC4D,3.067063446,0.87253936,0.345574291,2.524896623,0.011573233,0.03849372
160364,CLEC12A,5.803654752,0.807289342,0.319804782,2.524319169,0.011592263,0.038540826
100862680,LINC00507,88.00820772,-0.691643449,0.274027298,-2.523994705,0.011602968,0.038565621
105377766,NA,4.053545158,-0.68945097,0.273445811,-2.52134406,0.011690748,0.038776001
102191832,FBXW7-AS1,21.16741333,-0.583138514,0.231419512,-2.519832965,0.011741054,0.03889398
9607,CARTPT,147.5733761,-0.658331389,0.261370354,-2.518768404,0.011776609,0.038968289
105376477,LOC105376477,2.722836964,-0.678428993,0.269370429,-2.518572644,0.011783157,0.038984527
101927406,LINC01821,13.66517257,-0.564410423,0.224107355,-2.518482369,0.011786178,0.038989092
105374869,LIRIL2R,107.5869633,-0.820544436,0.325911168,-2.517693523,0.011812606,0.03905476
441374,SLEAR,3.962455565,-0.525373835,0.209585072,-2.506733096,0.012185268,0.040015426
100302174,MIR1307,7.863491406,-0.613649843,0.245009033,-2.504600893,0.012258964,0.040194849
51338,MS4A4A,124.0748249,0.531884543,0.212432459,2.503781886,0.012287376,0.040249119
105373895,LOC105373895,1.934598235,-0.838240942,0.334977892,-2.50237691,0.012336251,0.040370251
56311,ANKRD7,2.324127989,-0.621689501,0.248527991,-2.501486849,0.012367304,0.04045515
131149,OTOL1,2.859772974,-0.837516222,0.33491231,-2.500703011,0.012394707,0.040512971
1580,CYP4B1,21.74016306,0.517146196,0.207424794,2.493174444,0.012660663,0.041148453
780851,SNORD3A,30.21022524,-0.567101324,0.227661463,-2.490985154,0.012738944,0.041340659
109623452,SNORD159,22.02456948,0.571514589,0.229781369,2.4872103,0.012874927,0.041617879
105376391,LOC105376391,2.231446506,0.988971978,0.398573047,2.481281628,0.01309109,0.042183781
25928,SOSTDC1,101.6803849,-0.652965133,0.263258093,-2.480323112,0.013126337,0.042247934
109729137,MEF2C-AS2,51.83691238,-0.520881815,0.210114663,-2.479036012,0.0131738,0.042364103
7471,WNT1,8.100415478,-0.597547661,0.241085738,-2.478569097,0.013191056,0.042408111
8626,TP63,6.584593528,0.527900739,0.213044302,2.47789184,0.01321612,0.042471447
7306,TYRP1,25.7096405,-0.53319184,0.215229031,-2.477323055,0.013237203,0.042513724
105376325,LOC105376325,9.665014741,0.636379673,0.256910536,2.47704778,0.013247417,0.042513724
107985086,LOC107985086,3.512527507,-0.576169296,0.232602003,-2.477060763,0.013246935,0.042513724
6370,CCL25,4.189513528,-0.63194643,0.255118241,-2.477072704,0.013246492,0.042513724
30848,CTAG2,4.559209379,1.931820948,0.779877431,2.477082772,0.013246118,0.042513724
102724068,LOC102724068,25.5919397,-0.654321221,0.264450229,-2.47426982,0.013350882,0.042749728
100128818,NA,4.210916703,0.719080599,0.290624682,2.47425853,0.013351304,0.042749728
102723739,LOC102723739,8.429003994,-0.508275959,0.205618964,-2.471931328,0.013438533,0.042982678
105378816,LOC105378816,3.170354613,-0.50518521,0.204420033,-2.471309695,0.013461918,0.043040089
724027,MIR657,16.56012393,0.536182556,0.21701461,2.470721005,0.013484097,0.043087803
1412,CRYBA2,5.814849729,-0.536299817,0.21707566,-2.470566328,0.01348993,0.043094848
116534,MRGPRE,18.42559735,0.604473769,0.244730946,2.46995232,0.013513106,0.043151477
3549,IHH,4.8412106,0.583889596,0.236654644,2.467264476,0.013614976,0.043383467
107986412,SLC1A3-AS1,11.11967535,0.674787358,0.273678803,2.46561791,0.013677715,0.043548334
479,ATP12A,1.46078458,-0.910620824,0.369502331,-2.464452177,0.013722287,0.043638264
30009,TBX21,4.133860493,0.61036895,0.247669761,2.464446795,0.013722493,0.043638264
285126,DNAJC5G,28.73006219,-0.510987867,0.2073795,-2.464023042,0.013738728,0.043672351
374860,ANKRD30B,44.48387469,-0.509005095,0.206648711,-2.463141877,0.013772541,0.043750562
3337,DNAJB1,7776.347362,0.590045604,0.239777664,2.460803042,0.013862644,0.043964727
5350,PLN,26.39459169,0.625161385,0.254330039,2.458071363,0.013968541,0.044254828
105374024,LOC105374024,3.983071131,0.619352421,0.251989426,2.457850838,0.013977121,0.044265779
50674,NEUROG3,6.797373337,0.556587207,0.226448631,2.457896103,0.01397536,0.044265779
6490,PMEL,3.91073614,0.500838499,0.203884475,2.456481782,0.014030492,0.044397806
1439,CSF2RB,69.99827779,0.555339658,0.226317035,2.453812894,0.014135051,0.044687002
107987330,FAM239C,13.21599458,-0.609928953,0.248681271,-2.452653351,0.014180692,0.044801482
387775,SLC22A10,18.5270632,-0.552701695,0.225393689,-2.452161364,0.014200097,0.044844895
102723839,LINC02224,4.802462728,-0.548571554,0.224582069,-2.442632912,0.01458056,0.045680121
100874343,HS1BP3-IT1,3.003388451,0.578053025,0.236689229,2.442244745,0.014596248,0.0457131
1129,CHRM2,36.56244445,-0.545404952,0.223382402,-2.441575288,0.014623339,0.045785872
80035,ANP32A-IT1,10.17921469,0.510090808,0.209078194,2.439713093,0.014698931,0.045974075
319089,TTC6,5.458801775,-0.672330577,0.275638449,-2.439175595,0.014720813,0.046018281
94086,HSPB9,8.786920849,0.582188236,0.238807586,2.437896741,0.014772993,0.046151033
105373942,LOC105373942,5.631719668,0.509025341,0.208874378,2.436992735,0.014809977,0.046249266
374864,CCDC178,4.017995853,-0.56791033,0.233065043,-2.436703175,0.01482184,0.046273159
105378897,SLC6A17-AS1,16.75676968,-0.655784179,0.269345263,-2.43473441,0.014902724,0.04645246
107985847,LOC107985847,8.05601409,-0.644771227,0.265203188,-2.431234828,0.015047458,0.046836003
105371901,LOC105371901,3.741056607,0.510115451,0.209898425,2.430296706,0.015086467,0.046926675
54967,CT55,5.367875925,-0.688507818,0.283326908,-2.430082704,0.015095378,0.0469421
643314,NA,97.46737217,0.546107061,0.224777476,2.4295453,0.015117776,0.046993295
9152,SLC6A5,6.246928453,-0.583946618,0.240377422,-2.429290624,0.0151284,0.047008765
105375622,LINC02849,3.652807499,0.640461149,0.263752277,2.428267747,0.015171139,0.047097543
107984018,LOC107984018,4.420183912,0.569578636,0.23461426,2.427723859,0.015193907,0.0471559
6286,S100P,12.62645466,0.585049943,0.241193779,2.425642755,0.015281304,0.047408566
121278,TPH2,4.626859232,-0.758229354,0.312661742,-2.425078777,0.015305065,0.047457489
441452,SPATA31C1,3.43732834,-0.557333423,0.229868026,-2.424580016,0.015326105,0.047516528
401036,ASB18,2.502155611,-0.631736804,0.260987031,-2.420567807,0.015496289,0.047962781
105376542,LOC105376542,3.323999157,0.523260737,0.216248139,2.419723649,0.015532306,0.048032552
104502417,MGAT3-AS1,6.000471326,0.56188543,0.232402875,2.41772151,0.015618025,0.048207664
26138,LINC00588,2.728530436,0.748846309,0.309879683,2.416571172,0.015667463,0.048322589
100132159,CALML3-AS1,5.211608374,-0.545322315,0.225783817,-2.415240923,0.015724805,0.048455408
149775,GNAS-AS1,4.421132863,0.527620069,0.21845918,2.415188361,0.015727074,0.048456115
285972,LINC00996,2.177886478,-0.936707984,0.388054748,-2.413855233,0.015784733,0.048583354
96597,TBC1D27P,12.41655082,-0.528549392,0.219228058,-2.41095687,0.01591073,0.04888965
4360,MRC1,126.0378621,0.605253762,0.251306542,2.408428193,0.016021378,0.049156317
79674,VEPH1,6.407754721,-0.528692222,0.219697545,-2.406454843,0.016108195,0.049364123
100129940,HMGA2-AS1,4.684599091,0.606529639,0.252044859,2.406435276,0.016109058,0.049364123
3866,KRT15,4.556898466,0.731379601,0.304009335,2.405780081,0.016137976,0.049432266
5732,PTGER2,5.030716263,0.500348262,0.20808068,2.404587787,0.016190717,0.049543574
105375567,LOC105375567,4.975367158,0.572757719,0.238250804,2.404011689,0.016216255,0.049597274
105374768,LOC105374768,3.804887795,0.543132564,0.225935454,2.403928,0.016219968,0.049601613
100507117,ASAP1-IT2,4.681173054,0.510327632,0.212380044,2.402898232,0.016265713,0.049677555
131890,GRK7,4.090209802,0.507239311,0.211235693,2.401295458,0.01633714,0.049831632
105379355,LOC105379355,4.379434919,0.516152314,0.214978395,2.400949697,0.016352584,0.049872338